/home/ec2-user/venv/lib64/python3.9/site-packages/boto3/compat.py:89: PythonDeprecationWarning: Boto3 will no longer support Python 3.9 starting April 29, 2026. To continue receiving service updates, bug fixes, and security updates please upgrade to Python 3.10 or later. More information can be found here: https://aws.amazon.com/blogs/developer/python-support-policy-updates-for-aws-sdks-and-tools/
  warnings.warn(warning, PythonDeprecationWarning)
INFO:botocore.credentials:Found credentials from IAM Role: LabRole
INFO:__main__:Found 4 shards
INFO:__main__:Started consumer for shardId-000000000000
INFO:__main__:Started consumer for shardId-000000000001
INFO:__main__:Started consumer for shardId-000000000002
INFO:__main__:Started consumer for shardId-000000000003
INFO:__main__:shardId-000000000000: received 0 records
INFO:__main__:shardId-000000000003: received 0 records
INFO:__main__:shardId-000000000001: received 0 records
INFO:__main__:shardId-000000000002: received 0 records
INFO:__main__:shardId-000000000000: received 0 records
INFO:__main__:shardId-000000000003: received 0 records
INFO:__main__:shardId-000000000001: received 1 records
INFO:__main__:shardId-000000000002: received 0 records
INFO:__main__:Window written: BTC-USD (1 trades)
INFO:__main__:shardId-000000000000: received 0 records
INFO:__main__:shardId-000000000003: received 0 records
INFO:__main__:shardId-000000000002: received 0 records
INFO:__main__:shardId-000000000001: received 2 records
INFO:__main__:shardId-000000000000: received 0 records
INFO:__main__:shardId-000000000003: received 0 records
INFO:__main__:shardId-000000000002: received 0 records
INFO:__main__:shardId-000000000001: received 1 records
INFO:__main__:shardId-000000000000: received 0 records
INFO:__main__:shardId-000000000003: received 0 records
INFO:__main__:shardId-000000000002: received 0 records
INFO:__main__:shardId-000000000001: received 1 records
INFO:__main__:shardId-000000000000: received 0 records
INFO:__main__:shardId-000000000003: received 0 records
INFO:__main__:shardId-000000000002: received 0 records
INFO:__main__:shardId-000000000001: received 1 records
INFO:__main__:shardId-000000000000: received 0 records
INFO:__main__:shardId-000000000003: received 0 records
INFO:__main__:shardId-000000000002: received 0 records
INFO:__main__:shardId-000000000001: received 1 records
INFO:__main__:Window written: BTC-USD (7 trades)
INFO:__main__:shardId-000000000000: received 0 records
INFO:__main__:shardId-000000000003: received 0 records
INFO:__main__:shardId-000000000002: received 0 records
INFO:__main__:shardId-000000000001: received 1 records
INFO:__main__:shardId-000000000000: received 0 records
INFO:__main__:shardId-000000000003: received 0 records
INFO:__main__:shardId-000000000002: received 0 records
INFO:__main__:shardId-000000000001: received 1 records
INFO:__main__:shardId-000000000000: received 0 records
INFO:__main__:shardId-000000000003: received 0 records
INFO:__main__:shardId-000000000002: received 0 records
INFO:__main__:shardId-000000000001: received 1 records
INFO:__main__:shardId-000000000000: received 0 records
INFO:__main__:shardId-000000000003: received 0 records
INFO:__main__:shardId-000000000002: received 0 records
INFO:__main__:shardId-000000000001: received 0 records
INFO:__main__:shardId-000000000000: received 0 records
INFO:__main__:shardId-000000000003: received 0 records
INFO:__main__:shardId-000000000002: received 0 records
INFO:__main__:shardId-000000000001: received 1 records
INFO:__main__:shardId-000000000000: received 0 records
INFO:__main__:shardId-000000000003: received 0 records
INFO:__main__:shardId-000000000002: received 0 records
INFO:__main__:shardId-000000000001: received 1 records
INFO:__main__:shardId-000000000000: received 0 records
INFO:__main__:shardId-000000000003: received 0 records
INFO:__main__:shardId-000000000002: received 0 records
INFO:__main__:shardId-000000000001: received 1 records
INFO:__main__:shardId-000000000000: received 0 records
INFO:__main__:shardId-000000000003: received 0 records
INFO:__main__:shardId-000000000002: received 0 records
INFO:__main__:shardId-000000000001: received 1 records
INFO:__main__:shardId-000000000000: received 0 records
INFO:__main__:shardId-000000000003: received 0 records
INFO:__main__:shardId-000000000002: received 0 records
INFO:__main__:shardId-000000000001: received 1 records
INFO:__main__:Window written: BTC-USD (15 trades)
INFO:__main__:shardId-000000000000: received 0 records
INFO:__main__:shardId-000000000003: received 0 records
INFO:__main__:shardId-000000000002: received 0 records
INFO:__main__:shardId-000000000001: received 1 records
INFO:__main__:shardId-000000000000: received 0 records
INFO:__main__:shardId-000000000003: received 0 records
INFO:__main__:shardId-000000000002: received 0 records
INFO:__main__:shardId-000000000001: received 1 records
INFO:__main__:shardId-000000000000: received 0 records
INFO:__main__:shardId-000000000003: received 0 records
INFO:__main__:shardId-000000000002: received 0 records
INFO:__main__:shardId-000000000001: received 1 records
INFO:__main__:shardId-000000000000: received 0 records
INFO:__main__:shardId-000000000003: received 0 records
INFO:__main__:shardId-000000000002: received 0 records
INFO:__main__:shardId-000000000001: received 1 records
INFO:__main__:shardId-000000000000: received 0 records
INFO:__main__:shardId-000000000003: received 0 records
INFO:__main__:shardId-000000000002: received 0 records
INFO:__main__:shardId-000000000001: received 1 records
INFO:__main__:shardId-000000000000: received 0 records
INFO:__main__:shardId-000000000003: received 0 records
INFO:__main__:shardId-000000000002: received 0 records
INFO:__main__:shardId-000000000001: received 1 records
INFO:__main__:shardId-000000000000: received 0 records
INFO:__main__:shardId-000000000003: received 0 records
INFO:__main__:shardId-000000000002: received 0 records
INFO:__main__:shardId-000000000001: received 1 records
INFO:__main__:shardId-000000000000: received 0 records
INFO:__main__:shardId-000000000003: received 0 records
INFO:__main__:shardId-000000000002: received 0 records
INFO:__main__:shardId-000000000001: received 1 records
INFO:__main__:shardId-000000000000: received 0 records
INFO:__main__:shardId-000000000003: received 0 records
INFO:__main__:shardId-000000000002: received 0 records
INFO:__main__:shardId-000000000001: received 1 records
INFO:__main__:shardId-000000000000: received 0 records
INFO:__main__:shardId-000000000003: received 0 records
INFO:__main__:shardId-000000000002: received 0 records
INFO:__main__:shardId-000000000001: received 1 records
INFO:__main__:Window written: BTC-USD (25 trades)
INFO:__main__:shardId-000000000000: received 0 records
INFO:__main__:shardId-000000000003: received 0 records
INFO:__main__:shardId-000000000002: received 0 records
INFO:__main__:shardId-000000000001: received 1 records
INFO:__main__:shardId-000000000000: received 0 records
INFO:__main__:shardId-000000000003: received 0 records
INFO:__main__:shardId-000000000002: received 0 records
INFO:__main__:shardId-000000000001: received 1 records
INFO:__main__:shardId-000000000003: received 0 records
INFO:__main__:shardId-000000000000: received 0 records
INFO:__main__:shardId-000000000002: received 0 records
INFO:__main__:shardId-000000000003: received 0 records
INFO:__main__:shardId-000000000001: received 1 records
INFO:__main__:shardId-000000000000: received 0 records
INFO:__main__:shardId-000000000002: received 0 records
INFO:__main__:shardId-000000000003: received 0 records
INFO:__main__:shardId-000000000000: received 0 records
INFO:__main__:shardId-000000000001: received 1 records
INFO:__main__:shardId-000000000002: received 0 records
INFO:__main__:shardId-000000000003: received 0 records
INFO:__main__:shardId-000000000000: received 0 records
INFO:__main__:shardId-000000000001: received 1 records
INFO:__main__:shardId-000000000002: received 0 records
INFO:__main__:shardId-000000000003: received 0 records
INFO:__main__:shardId-000000000000: received 0 records
INFO:__main__:shardId-000000000002: received 0 records
INFO:__main__:shardId-000000000001: received 1 records
INFO:__main__:shardId-000000000003: received 0 records
INFO:__main__:shardId-000000000000: received 0 records
INFO:__main__:shardId-000000000002: received 0 records
INFO:__main__:shardId-000000000001: received 1 records
INFO:__main__:shardId-000000000003: received 0 records
INFO:__main__:shardId-000000000000: received 0 records
INFO:__main__:shardId-000000000002: received 0 records
INFO:__main__:shardId-000000000001: received 1 records
INFO:__main__:shardId-000000000003: received 1 records
INFO:__main__:shardId-000000000000: received 0 records
INFO:__main__:Window written: ETH-USD (1 trades)
INFO:__main__:shardId-000000000002: received 0 records
INFO:__main__:shardId-000000000001: received 0 records
INFO:__main__:shardId-000000000000: received 0 records
INFO:__main__:shardId-000000000003: received 0 records
INFO:__main__:shardId-000000000002: received 0 records
INFO:__main__:shardId-000000000001: received 1 records
INFO:__main__:Window written: BTC-USD (34 trades)
INFO:__main__:shardId-000000000000: received 0 records
INFO:__main__:shardId-000000000003: received 0 records
INFO:__main__:shardId-000000000002: received 0 records
INFO:__main__:shardId-000000000001: received 1 records
INFO:__main__:shardId-000000000000: received 0 records
INFO:__main__:shardId-000000000003: received 0 records
INFO:__main__:shardId-000000000002: received 0 records
INFO:__main__:shardId-000000000001: received 1 records
INFO:__main__:shardId-000000000000: received 0 records
INFO:__main__:shardId-000000000003: received 0 records
INFO:__main__:shardId-000000000002: received 0 records
INFO:__main__:shardId-000000000001: received 0 records
INFO:__main__:shardId-000000000000: received 0 records
INFO:__main__:shardId-000000000003: received 0 records
INFO:__main__:shardId-000000000002: received 0 records
INFO:__main__:shardId-000000000001: received 1 records
INFO:__main__:shardId-000000000000: received 0 records
INFO:__main__:shardId-000000000003: received 0 records
INFO:__main__:shardId-000000000002: received 0 records
INFO:__main__:shardId-000000000001: received 1 records
INFO:__main__:shardId-000000000000: received 0 records
INFO:__main__:shardId-000000000003: received 0 records
INFO:__main__:shardId-000000000002: received 0 records
INFO:__main__:shardId-000000000001: received 1 records
INFO:__main__:shardId-000000000000: received 0 records
INFO:__main__:shardId-000000000003: received 0 records
INFO:__main__:shardId-000000000002: received 0 records
INFO:__main__:shardId-000000000001: received 1 records
INFO:__main__:shardId-000000000000: received 0 records
INFO:__main__:shardId-000000000003: received 0 records
INFO:__main__:shardId-000000000002: received 0 records
INFO:__main__:shardId-000000000001: received 1 records
INFO:__main__:shardId-000000000000: received 0 records
INFO:__main__:shardId-000000000003: received 0 records
INFO:__main__:shardId-000000000002: received 0 records
INFO:__main__:shardId-000000000001: received 1 records
INFO:__main__:Window written: BTC-USD (42 trades)
INFO:__main__:shardId-000000000000: received 0 records
INFO:__main__:shardId-000000000003: received 0 records
INFO:__main__:shardId-000000000002: received 0 records
INFO:__main__:shardId-000000000001: received 1 records
INFO:__main__:shardId-000000000000: received 0 records
INFO:__main__:shardId-000000000003: received 1 records
INFO:__main__:shardId-000000000002: received 0 records
INFO:__main__:Window written: SOL-USD (1 trades)
INFO:__main__:shardId-000000000001: received 0 records
INFO:__main__:shardId-000000000000: received 0 records
INFO:__main__:shardId-000000000002: received 0 records
INFO:__main__:shardId-000000000003: received 1 records
INFO:__main__:shardId-000000000001: received 0 records
INFO:__main__:shardId-000000000000: received 0 records
INFO:__main__:shardId-000000000002: received 0 records
INFO:__main__:shardId-000000000003: received 0 records
INFO:__main__:shardId-000000000001: received 1 records
INFO:__main__:shardId-000000000000: received 0 records
INFO:__main__:shardId-000000000002: received 0 records
INFO:__main__:shardId-000000000003: received 0 records
INFO:__main__:shardId-000000000001: received 1 records
INFO:__main__:shardId-000000000000: received 0 records
INFO:__main__:shardId-000000000002: received 0 records
INFO:__main__:shardId-000000000003: received 0 records
INFO:__main__:shardId-000000000001: received 1 records
INFO:__main__:shardId-000000000000: received 0 records
INFO:__main__:shardId-000000000002: received 0 records
INFO:__main__:shardId-000000000003: received 0 records
INFO:__main__:shardId-000000000001: received 1 records
INFO:__main__:shardId-000000000000: received 0 records
INFO:__main__:shardId-000000000002: received 0 records
INFO:__main__:shardId-000000000003: received 0 records
INFO:__main__:shardId-000000000001: received 0 records
INFO:__main__:shardId-000000000000: received 0 records
INFO:__main__:shardId-000000000002: received 0 records
INFO:__main__:shardId-000000000003: received 0 records
INFO:__main__:shardId-000000000001: received 1 records
INFO:__main__:shardId-000000000000: received 0 records
INFO:__main__:shardId-000000000002: received 0 records
INFO:__main__:shardId-000000000003: received 0 records
INFO:__main__:shardId-000000000001: received 1 records
INFO:__main__:Window written: BTC-USD (49 trades)
INFO:__main__:shardId-000000000000: received 0 records
INFO:__main__:shardId-000000000002: received 0 records
INFO:__main__:shardId-000000000003: received 0 records
INFO:__main__:shardId-000000000001: received 1 records
INFO:__main__:shardId-000000000000: received 0 records
INFO:__main__:shardId-000000000002: received 0 records
INFO:__main__:shardId-000000000003: received 0 records
INFO:__main__:shardId-000000000001: received 1 records
INFO:__main__:shardId-000000000000: received 0 records
INFO:__main__:shardId-000000000002: received 0 records
INFO:__main__:shardId-000000000003: received 0 records
INFO:__main__:shardId-000000000001: received 1 records
INFO:__main__:shardId-000000000000: received 0 records
INFO:__main__:shardId-000000000002: received 0 records
INFO:__main__:shardId-000000000003: received 1 records
INFO:__main__:Window written: ETH-USD (2 trades)
INFO:__main__:shardId-000000000001: received 0 records
INFO:__main__:shardId-000000000000: received 0 records
INFO:__main__:shardId-000000000002: received 0 records
INFO:__main__:shardId-000000000003: received 0 records
INFO:__main__:shardId-000000000001: received 1 records
INFO:__main__:shardId-000000000000: received 0 records
INFO:__main__:shardId-000000000002: received 0 records
INFO:__main__:shardId-000000000003: received 0 records
INFO:__main__:shardId-000000000001: received 1 records
INFO:__main__:shardId-000000000000: received 0 records
INFO:__main__:shardId-000000000002: received 0 records
INFO:__main__:shardId-000000000003: received 0 records
INFO:__main__:shardId-000000000001: received 1 records
INFO:__main__:shardId-000000000000: received 0 records
INFO:__main__:shardId-000000000002: received 0 records
INFO:__main__:shardId-000000000003: received 0 records
INFO:__main__:shardId-000000000001: received 1 records
INFO:__main__:shardId-000000000000: received 0 records
INFO:__main__:shardId-000000000002: received 0 records
INFO:__main__:shardId-000000000003: received 0 records
INFO:__main__:shardId-000000000001: received 1 records
INFO:__main__:shardId-000000000000: received 0 records
INFO:__main__:Window written: BTC-USD (57 trades)
INFO:__main__:shardId-000000000002: received 0 records
INFO:__main__:shardId-000000000003: received 0 records
INFO:__main__:shardId-000000000000: received 0 records
INFO:__main__:shardId-000000000001: received 0 records
INFO:__main__:shardId-000000000002: received 0 records
INFO:__main__:shardId-000000000003: received 0 records
INFO:__main__:shardId-000000000000: received 0 records
INFO:__main__:shardId-000000000001: received 1 records
INFO:__main__:shardId-000000000002: received 0 records
INFO:__main__:shardId-000000000003: received 0 records
INFO:__main__:shardId-000000000000: received 0 records
INFO:__main__:shardId-000000000001: received 0 records
INFO:__main__:shardId-000000000002: received 0 records
INFO:__main__:shardId-000000000003: received 1 records
INFO:__main__:Window written: ETH-USD (3 trades)
INFO:__main__:shardId-000000000000: received 0 records
INFO:__main__:shardId-000000000001: received 1 records
INFO:__main__:shardId-000000000002: received 0 records
INFO:__main__:shardId-000000000003: received 0 records
INFO:__main__:shardId-000000000000: received 0 records
INFO:__main__:shardId-000000000002: received 0 records
INFO:__main__:shardId-000000000001: received 1 records
INFO:__main__:shardId-000000000003: received 0 records
INFO:__main__:shardId-000000000000: received 0 records
INFO:__main__:shardId-000000000002: received 0 records
INFO:__main__:shardId-000000000001: received 1 records
INFO:__main__:shardId-000000000003: received 0 records
INFO:__main__:shardId-000000000000: received 0 records
INFO:__main__:shardId-000000000002: received 0 records
INFO:__main__:shardId-000000000001: received 1 records
INFO:__main__:shardId-000000000003: received 0 records
INFO:__main__:shardId-000000000000: received 0 records
INFO:__main__:shardId-000000000002: received 0 records
INFO:__main__:shardId-000000000001: received 1 records
INFO:__main__:shardId-000000000003: received 0 records
INFO:__main__:shardId-000000000000: received 0 records
INFO:__main__:shardId-000000000002: received 0 records
INFO:__main__:shardId-000000000001: received 1 records
INFO:__main__:shardId-000000000003: received 0 records
INFO:__main__:shardId-000000000000: received 0 records
INFO:__main__:shardId-000000000002: received 0 records
INFO:__main__:shardId-000000000003: received 0 records
INFO:__main__:shardId-000000000001: received 1 records
INFO:__main__:Window written: BTC-USD (65 trades)
INFO:__main__:shardId-000000000000: received 0 records
INFO:__main__:shardId-000000000002: received 0 records
INFO:__main__:shardId-000000000003: received 0 records
INFO:__main__:shardId-000000000001: received 1 records
INFO:__main__:shardId-000000000000: received 0 records
INFO:__main__:shardId-000000000002: received 0 records
INFO:__main__:shardId-000000000003: received 0 records
INFO:__main__:shardId-000000000001: received 1 records
INFO:__main__:shardId-000000000000: received 0 records
INFO:__main__:shardId-000000000002: received 0 records
INFO:__main__:shardId-000000000003: received 0 records
INFO:__main__:shardId-000000000001: received 1 records
INFO:__main__:shardId-000000000000: received 0 records
INFO:__main__:shardId-000000000002: received 0 records
INFO:__main__:shardId-000000000003: received 0 records
INFO:__main__:shardId-000000000001: received 1 records
INFO:__main__:shardId-000000000000: received 0 records
INFO:__main__:shardId-000000000002: received 0 records
INFO:__main__:shardId-000000000003: received 0 records
INFO:__main__:shardId-000000000001: received 1 records
INFO:__main__:shardId-000000000000: received 0 records
INFO:__main__:shardId-000000000002: received 0 records
INFO:__main__:shardId-000000000003: received 0 records
INFO:__main__:shardId-000000000001: received 1 records
INFO:__main__:shardId-000000000000: received 0 records
INFO:__main__:shardId-000000000002: received 0 records
INFO:__main__:shardId-000000000003: received 0 records
INFO:__main__:shardId-000000000001: received 1 records
INFO:__main__:shardId-000000000000: received 0 records
INFO:__main__:shardId-000000000002: received 0 records
INFO:__main__:shardId-000000000003: received 0 records
INFO:__main__:shardId-000000000001: received 1 records
INFO:__main__:shardId-000000000000: received 0 records
INFO:__main__:shardId-000000000002: received 0 records
INFO:__main__:shardId-000000000003: received 0 records
INFO:__main__:shardId-000000000001: received 1 records
INFO:__main__:Window written: BTC-USD (74 trades)
INFO:__main__:shardId-000000000000: received 0 records
INFO:__main__:shardId-000000000002: received 0 records
INFO:__main__:shardId-000000000003: received 0 records
INFO:__main__:shardId-000000000001: received 1 records
INFO:__main__:shardId-000000000000: received 0 records
INFO:__main__:shardId-000000000002: received 0 records
INFO:__main__:shardId-000000000003: received 0 records
INFO:__main__:shardId-000000000001: received 1 records
INFO:__main__:shardId-000000000000: received 0 records
INFO:__main__:shardId-000000000002: received 0 records
INFO:__main__:shardId-000000000003: received 0 records
INFO:__main__:shardId-000000000001: received 1 records
INFO:__main__:shardId-000000000000: received 0 records
INFO:__main__:shardId-000000000002: received 0 records
INFO:__main__:shardId-000000000003: received 0 records
INFO:__main__:shardId-000000000001: received 0 records
INFO:__main__:shardId-000000000000: received 0 records
INFO:__main__:shardId-000000000002: received 0 records
INFO:__main__:shardId-000000000003: received 1 records
INFO:__main__:Window written: ETH-USD (4 trades)
INFO:__main__:shardId-000000000001: received 0 records
INFO:__main__:shardId-000000000000: received 0 records
INFO:__main__:shardId-000000000002: received 0 records
INFO:__main__:shardId-000000000003: received 0 records
INFO:__main__:shardId-000000000001: received 1 records
INFO:__main__:shardId-000000000000: received 0 records
INFO:__main__:shardId-000000000002: received 0 records
INFO:__main__:shardId-000000000003: received 0 records
INFO:__main__:shardId-000000000001: received 1 records
INFO:__main__:shardId-000000000000: received 0 records
INFO:__main__:shardId-000000000002: received 0 records
INFO:__main__:shardId-000000000003: received 0 records
INFO:__main__:shardId-000000000001: received 1 records
INFO:__main__:shardId-000000000000: received 0 records
INFO:__main__:shardId-000000000002: received 0 records
INFO:__main__:shardId-000000000003: received 0 records
INFO:__main__:shardId-000000000001: received 1 records
INFO:__main__:shardId-000000000000: received 0 records
INFO:__main__:shardId-000000000002: received 0 records
INFO:__main__:shardId-000000000003: received 0 records
INFO:__main__:shardId-000000000001: received 1 records
INFO:__main__:Window written: BTC-USD (82 trades)
INFO:__main__:shardId-000000000000: received 0 records
INFO:__main__:shardId-000000000002: received 0 records
INFO:__main__:shardId-000000000003: received 0 records
INFO:__main__:shardId-000000000001: received 1 records
INFO:__main__:shardId-000000000000: received 0 records
INFO:__main__:shardId-000000000002: received 0 records
INFO:__main__:shardId-000000000003: received 0 records
INFO:__main__:shardId-000000000001: received 1 records
INFO:__main__:shardId-000000000000: received 0 records
INFO:__main__:shardId-000000000002: received 0 records
INFO:__main__:shardId-000000000003: received 0 records
INFO:__main__:shardId-000000000001: received 1 records
INFO:__main__:shardId-000000000000: received 0 records
INFO:__main__:shardId-000000000002: received 0 records
INFO:__main__:shardId-000000000003: received 0 records
INFO:__main__:shardId-000000000000: received 0 records
INFO:__main__:shardId-000000000001: received 1 records
INFO:__main__:shardId-000000000002: received 0 records
INFO:__main__:shardId-000000000003: received 0 records
INFO:__main__:shardId-000000000000: received 0 records
INFO:__main__:shardId-000000000001: received 1 records
INFO:__main__:shardId-000000000002: received 0 records
INFO:__main__:shardId-000000000003: received 0 records
INFO:__main__:shardId-000000000000: received 0 records
INFO:__main__:shardId-000000000002: received 0 records
INFO:__main__:shardId-000000000001: received 1 records
INFO:__main__:shardId-000000000003: received 0 records
INFO:__main__:shardId-000000000000: received 0 records
INFO:__main__:shardId-000000000002: received 0 records
INFO:__main__:shardId-000000000001: received 1 records
INFO:__main__:shardId-000000000003: received 0 records
INFO:__main__:shardId-000000000000: received 0 records
INFO:__main__:shardId-000000000002: received 0 records
INFO:__main__:shardId-000000000003: received 0 records
INFO:__main__:shardId-000000000001: received 1 records
INFO:__main__:shardId-000000000000: received 0 records
INFO:__main__:shardId-000000000002: received 0 records
INFO:__main__:shardId-000000000003: received 1 records
INFO:__main__:shardId-000000000001: received 0 records
INFO:__main__:Window written: ETH-USD (5 trades)
INFO:__main__:shardId-000000000000: received 0 records
INFO:__main__:shardId-000000000002: received 0 records
INFO:__main__:shardId-000000000001: received 0 records
INFO:__main__:shardId-000000000003: received 0 records
INFO:__main__:shardId-000000000000: received 0 records
INFO:__main__:shardId-000000000002: received 0 records
INFO:__main__:shardId-000000000001: received 1 records
INFO:__main__:shardId-000000000003: received 0 records
INFO:__main__:Window written: BTC-USD (91 trades)
INFO:__main__:shardId-000000000000: received 0 records
INFO:__main__:shardId-000000000002: received 0 records
INFO:__main__:shardId-000000000003: received 0 records
INFO:__main__:shardId-000000000001: received 1 records
INFO:__main__:shardId-000000000000: received 0 records
INFO:__main__:shardId-000000000002: received 0 records
INFO:__main__:shardId-000000000003: received 0 records
INFO:__main__:shardId-000000000001: received 1 records
INFO:__main__:shardId-000000000000: received 0 records
INFO:__main__:shardId-000000000002: received 0 records
INFO:__main__:shardId-000000000003: received 0 records
INFO:__main__:shardId-000000000001: received 1 records
INFO:__main__:shardId-000000000000: received 0 records
INFO:__main__:shardId-000000000002: received 0 records
INFO:__main__:shardId-000000000003: received 0 records
INFO:__main__:shardId-000000000001: received 1 records
INFO:__main__:shardId-000000000000: received 0 records
INFO:__main__:shardId-000000000002: received 0 records
INFO:__main__:shardId-000000000003: received 0 records
INFO:__main__:shardId-000000000001: received 1 records
INFO:__main__:shardId-000000000000: received 0 records
INFO:__main__:shardId-000000000002: received 0 records
INFO:__main__:shardId-000000000003: received 1 records
INFO:__main__:shardId-000000000001: received 0 records
INFO:__main__:shardId-000000000000: received 0 records
INFO:__main__:shardId-000000000002: received 0 records
INFO:__main__:shardId-000000000003: received 0 records
INFO:__main__:shardId-000000000001: received 0 records
INFO:__main__:shardId-000000000000: received 0 records
INFO:__main__:shardId-000000000002: received 0 records
INFO:__main__:shardId-000000000003: received 0 records
INFO:__main__:shardId-000000000001: received 1 records
INFO:__main__:Window written: BTC-USD (97 trades)
INFO:__main__:shardId-000000000000: received 0 records
INFO:__main__:shardId-000000000002: received 0 records
INFO:__main__:shardId-000000000003: received 1 records
INFO:__main__:Window written: ETH-USD (7 trades)
INFO:__main__:shardId-000000000001: received 0 records
INFO:__main__:shardId-000000000000: received 0 records
INFO:__main__:shardId-000000000002: received 0 records
INFO:__main__:shardId-000000000003: received 0 records
INFO:__main__:shardId-000000000001: received 1 records
INFO:__main__:shardId-000000000000: received 0 records
INFO:__main__:shardId-000000000002: received 0 records
INFO:__main__:shardId-000000000003: received 0 records
INFO:__main__:shardId-000000000001: received 1 records
INFO:__main__:shardId-000000000000: received 0 records
INFO:__main__:shardId-000000000002: received 0 records
INFO:__main__:shardId-000000000003: received 0 records
INFO:__main__:shardId-000000000001: received 1 records
INFO:__main__:shardId-000000000000: received 0 records
INFO:__main__:shardId-000000000002: received 0 records
INFO:__main__:shardId-000000000003: received 0 records
INFO:__main__:shardId-000000000001: received 0 records
INFO:__main__:shardId-000000000000: received 0 records
INFO:__main__:shardId-000000000002: received 0 records
INFO:__main__:shardId-000000000003: received 1 records
INFO:__main__:Window written: SOL-USD (3 trades)
INFO:__main__:shardId-000000000001: received 0 records
INFO:__main__:shardId-000000000000: received 0 records
INFO:__main__:shardId-000000000002: received 0 records
INFO:__main__:shardId-000000000003: received 0 records
INFO:__main__:shardId-000000000001: received 1 records
INFO:__main__:shardId-000000000000: received 0 records
INFO:__main__:shardId-000000000002: received 0 records
INFO:__main__:shardId-000000000003: received 0 records
INFO:__main__:shardId-000000000001: received 1 records
INFO:__main__:shardId-000000000000: received 0 records
INFO:__main__:shardId-000000000002: received 0 records
INFO:__main__:shardId-000000000003: received 0 records
INFO:__main__:shardId-000000000001: received 0 records
INFO:__main__:shardId-000000000000: received 0 records
INFO:__main__:shardId-000000000002: received 0 records
INFO:__main__:shardId-000000000003: received 1 records
INFO:__main__:Window written: ETH-USD (8 trades)
INFO:__main__:shardId-000000000001: received 1 records
INFO:__main__:Window written: BTC-USD (103 trades)
INFO:__main__:shardId-000000000000: received 0 records
INFO:__main__:shardId-000000000002: received 0 records
INFO:__main__:shardId-000000000003: received 0 records
INFO:__main__:shardId-000000000001: received 0 records
INFO:__main__:shardId-000000000000: received 0 records
INFO:__main__:shardId-000000000002: received 0 records
INFO:__main__:shardId-000000000003: received 0 records
INFO:__main__:shardId-000000000001: received 1 records
INFO:__main__:shardId-000000000000: received 0 records
INFO:__main__:shardId-000000000002: received 0 records
INFO:__main__:shardId-000000000003: received 0 records
INFO:__main__:shardId-000000000001: received 1 records
INFO:__main__:shardId-000000000000: received 0 records
INFO:__main__:shardId-000000000002: received 0 records
INFO:__main__:shardId-000000000003: received 0 records
INFO:__main__:shardId-000000000001: received 1 records
INFO:__main__:shardId-000000000000: received 0 records
INFO:__main__:shardId-000000000002: received 0 records
INFO:__main__:shardId-000000000003: received 0 records
INFO:__main__:shardId-000000000001: received 1 records
INFO:__main__:shardId-000000000000: received 0 records
INFO:__main__:shardId-000000000002: received 0 records
INFO:__main__:shardId-000000000003: received 0 records
INFO:__main__:shardId-000000000001: received 1 records
INFO:__main__:shardId-000000000000: received 0 records
INFO:__main__:shardId-000000000002: received 0 records
INFO:__main__:shardId-000000000003: received 0 records
INFO:__main__:shardId-000000000001: received 1 records
INFO:__main__:shardId-000000000000: received 0 records
INFO:__main__:shardId-000000000002: received 0 records
INFO:__main__:shardId-000000000003: received 0 records
INFO:__main__:shardId-000000000001: received 1 records
INFO:__main__:shardId-000000000000: received 0 records
INFO:__main__:shardId-000000000002: received 0 records
INFO:__main__:shardId-000000000003: received 0 records
INFO:__main__:shardId-000000000000: received 0 records
INFO:__main__:shardId-000000000002: received 0 records
INFO:__main__:shardId-000000000001: received 2 records
INFO:__main__:Window written: BTC-USD (111 trades)
INFO:__main__:shardId-000000000003: received 0 records
INFO:__main__:shardId-000000000000: received 0 records
INFO:__main__:shardId-000000000002: received 0 records
INFO:__main__:shardId-000000000001: received 1 records
INFO:__main__:shardId-000000000003: received 0 records
INFO:__main__:shardId-000000000000: received 0 records
INFO:__main__:shardId-000000000002: received 0 records
INFO:__main__:shardId-000000000001: received 1 records
INFO:__main__:shardId-000000000003: received 0 records
INFO:__main__:shardId-000000000000: received 0 records
INFO:__main__:shardId-000000000002: received 0 records
INFO:__main__:shardId-000000000001: received 1 records
INFO:__main__:shardId-000000000003: received 0 records
INFO:__main__:shardId-000000000000: received 0 records
INFO:__main__:shardId-000000000002: received 0 records
INFO:__main__:shardId-000000000001: received 1 records
INFO:__main__:shardId-000000000003: received 0 records
INFO:__main__:shardId-000000000000: received 0 records
INFO:__main__:shardId-000000000002: received 0 records
INFO:__main__:shardId-000000000001: received 1 records
INFO:__main__:shardId-000000000003: received 0 records
INFO:__main__:shardId-000000000000: received 0 records
INFO:__main__:shardId-000000000002: received 0 records
INFO:__main__:shardId-000000000001: received 1 records
INFO:__main__:shardId-000000000003: received 0 records
INFO:__main__:shardId-000000000000: received 0 records
INFO:__main__:shardId-000000000002: received 0 records
INFO:__main__:shardId-000000000001: received 0 records
INFO:__main__:shardId-000000000003: received 0 records
INFO:__main__:shardId-000000000000: received 0 records
INFO:__main__:shardId-000000000002: received 0 records
INFO:__main__:shardId-000000000001: received 1 records
INFO:__main__:shardId-000000000003: received 0 records
INFO:__main__:shardId-000000000000: received 0 records
INFO:__main__:shardId-000000000002: received 0 records
INFO:__main__:shardId-000000000001: received 1 records
INFO:__main__:shardId-000000000003: received 0 records
INFO:__main__:Window written: BTC-USD (120 trades)
INFO:__main__:shardId-000000000000: received 0 records
INFO:__main__:shardId-000000000002: received 0 records
INFO:__main__:shardId-000000000003: received 0 records
INFO:__main__:shardId-000000000001: received 1 records
INFO:__main__:shardId-000000000000: received 0 records
INFO:__main__:shardId-000000000002: received 0 records
INFO:__main__:shardId-000000000003: received 0 records
INFO:__main__:shardId-000000000001: received 1 records
INFO:__main__:shardId-000000000000: received 0 records
INFO:__main__:shardId-000000000002: received 0 records
INFO:__main__:shardId-000000000003: received 0 records
INFO:__main__:shardId-000000000001: received 1 records
INFO:__main__:shardId-000000000002: received 0 records
INFO:__main__:shardId-000000000000: received 0 records
INFO:__main__:shardId-000000000003: received 0 records
INFO:__main__:shardId-000000000001: received 1 records
INFO:__main__:shardId-000000000002: received 0 records
INFO:__main__:shardId-000000000000: received 0 records
INFO:__main__:shardId-000000000003: received 0 records
INFO:__main__:shardId-000000000001: received 1 records
INFO:__main__:shardId-000000000002: received 0 records
INFO:__main__:shardId-000000000000: received 0 records
INFO:__main__:shardId-000000000003: received 0 records
INFO:__main__:shardId-000000000001: received 0 records
INFO:__main__:shardId-000000000002: received 0 records
INFO:__main__:shardId-000000000000: received 0 records
INFO:__main__:shardId-000000000003: received 0 records
INFO:__main__:shardId-000000000001: received 0 records
INFO:__main__:shardId-000000000002: received 0 records
INFO:__main__:shardId-000000000000: received 0 records
INFO:__main__:shardId-000000000003: received 0 records
INFO:__main__:shardId-000000000001: received 1 records
INFO:__main__:shardId-000000000002: received 0 records
INFO:__main__:shardId-000000000000: received 0 records
INFO:__main__:shardId-000000000003: received 0 records
INFO:__main__:shardId-000000000001: received 1 records
INFO:__main__:shardId-000000000002: received 0 records
INFO:__main__:shardId-000000000000: received 0 records
INFO:__main__:shardId-000000000003: received 0 records
INFO:__main__:shardId-000000000001: received 0 records
INFO:__main__:shardId-000000000002: received 0 records
INFO:__main__:shardId-000000000000: received 0 records
INFO:__main__:shardId-000000000003: received 0 records
INFO:__main__:shardId-000000000001: received 1 records
INFO:__main__:Window written: BTC-USD (128 trades)
INFO:__main__:shardId-000000000002: received 0 records
INFO:__main__:shardId-000000000000: received 0 records
INFO:__main__:shardId-000000000003: received 0 records
INFO:__main__:shardId-000000000001: received 1 records
INFO:__main__:shardId-000000000002: received 0 records
INFO:__main__:shardId-000000000000: received 0 records
INFO:__main__:shardId-000000000003: received 0 records
INFO:__main__:shardId-000000000001: received 1 records
INFO:__main__:shardId-000000000002: received 0 records
INFO:__main__:shardId-000000000000: received 0 records
INFO:__main__:shardId-000000000003: received 0 records
INFO:__main__:shardId-000000000001: received 1 records
INFO:__main__:shardId-000000000002: received 0 records
INFO:__main__:shardId-000000000000: received 0 records
INFO:__main__:shardId-000000000003: received 0 records
INFO:__main__:shardId-000000000001: received 0 records
INFO:__main__:shardId-000000000002: received 0 records
INFO:__main__:shardId-000000000000: received 0 records
INFO:__main__:shardId-000000000003: received 0 records
INFO:__main__:shardId-000000000001: received 1 records
INFO:__main__:shardId-000000000002: received 0 records
INFO:__main__:shardId-000000000000: received 0 records
INFO:__main__:shardId-000000000003: received 1 records
INFO:__main__:Window written: ETH-USD (9 trades)
INFO:__main__:shardId-000000000001: received 0 records
INFO:__main__:shardId-000000000002: received 0 records
INFO:__main__:shardId-000000000000: received 0 records
INFO:__main__:shardId-000000000003: received 0 records
INFO:__main__:shardId-000000000001: received 1 records
INFO:__main__:shardId-000000000002: received 0 records
INFO:__main__:shardId-000000000000: received 0 records
INFO:__main__:shardId-000000000003: received 0 records
INFO:__main__:shardId-000000000001: received 1 records
INFO:__main__:shardId-000000000002: received 0 records
INFO:__main__:shardId-000000000000: received 0 records
INFO:__main__:shardId-000000000003: received 0 records
INFO:__main__:shardId-000000000001: received 1 records
INFO:__main__:Window written: BTC-USD (135 trades)
INFO:__main__:shardId-000000000002: received 0 records
INFO:__main__:shardId-000000000000: received 0 records
INFO:__main__:shardId-000000000003: received 0 records
INFO:__main__:shardId-000000000001: received 0 records
INFO:__main__:shardId-000000000002: received 0 records
INFO:__main__:shardId-000000000000: received 0 records
INFO:__main__:shardId-000000000003: received 1 records
INFO:__main__:Window written: ETH-USD (10 trades)
INFO:__main__:shardId-000000000001: received 1 records
INFO:__main__:shardId-000000000002: received 0 records
INFO:__main__:shardId-000000000000: received 0 records
INFO:__main__:shardId-000000000003: received 0 records
INFO:__main__:shardId-000000000001: received 0 records
INFO:__main__:shardId-000000000002: received 0 records
INFO:__main__:shardId-000000000000: received 0 records
INFO:__main__:shardId-000000000003: received 0 records
INFO:__main__:shardId-000000000001: received 1 records
INFO:__main__:shardId-000000000002: received 0 records
INFO:__main__:shardId-000000000000: received 0 records
INFO:__main__:shardId-000000000003: received 0 records
INFO:__main__:shardId-000000000002: received 0 records
INFO:__main__:shardId-000000000001: received 1 records
INFO:__main__:shardId-000000000000: received 0 records
INFO:__main__:shardId-000000000003: received 0 records
INFO:__main__:shardId-000000000002: received 0 records
INFO:__main__:shardId-000000000001: received 1 records
INFO:__main__:shardId-000000000000: received 0 records
INFO:__main__:shardId-000000000003: received 0 records
INFO:__main__:shardId-000000000002: received 0 records
INFO:__main__:shardId-000000000001: received 0 records
INFO:__main__:shardId-000000000000: received 0 records
INFO:__main__:shardId-000000000003: received 0 records
INFO:__main__:shardId-000000000002: received 0 records
INFO:__main__:shardId-000000000001: received 1 records
INFO:__main__:shardId-000000000000: received 0 records
INFO:__main__:shardId-000000000003: received 0 records
INFO:__main__:shardId-000000000002: received 0 records
INFO:__main__:shardId-000000000000: received 0 records
INFO:__main__:shardId-000000000001: received 1 records
INFO:__main__:Window written: BTC-USD (141 trades)
INFO:__main__:shardId-000000000003: received 0 records
INFO:__main__:shardId-000000000002: received 0 records
INFO:__main__:shardId-000000000000: received 0 records
INFO:__main__:shardId-000000000001: received 1 records
INFO:__main__:shardId-000000000003: received 0 records
INFO:__main__:shardId-000000000002: received 0 records
INFO:__main__:shardId-000000000000: received 0 records
INFO:__main__:shardId-000000000001: received 1 records
INFO:__main__:shardId-000000000003: received 0 records
INFO:__main__:shardId-000000000002: received 0 records
INFO:__main__:shardId-000000000000: received 0 records
INFO:__main__:shardId-000000000001: received 0 records
INFO:__main__:shardId-000000000003: received 1 records
INFO:__main__:Window written: ETH-USD (11 trades)
INFO:__main__:shardId-000000000002: received 0 records
INFO:__main__:shardId-000000000000: received 0 records
INFO:__main__:shardId-000000000001: received 1 records
INFO:__main__:shardId-000000000003: received 0 records
INFO:__main__:shardId-000000000002: received 0 records
INFO:__main__:shardId-000000000000: received 0 records
INFO:__main__:shardId-000000000001: received 0 records
INFO:__main__:shardId-000000000003: received 1 records
INFO:__main__:shardId-000000000002: received 0 records
INFO:__main__:shardId-000000000000: received 0 records
INFO:__main__:shardId-000000000001: received 0 records
INFO:__main__:shardId-000000000003: received 0 records
INFO:__main__:shardId-000000000002: received 0 records
INFO:__main__:shardId-000000000000: received 0 records
INFO:__main__:shardId-000000000001: received 0 records
INFO:__main__:shardId-000000000003: received 1 records
INFO:__main__:shardId-000000000002: received 0 records
INFO:__main__:shardId-000000000000: received 0 records
INFO:__main__:shardId-000000000001: received 0 records
INFO:__main__:shardId-000000000003: received 1 records
INFO:__main__:shardId-000000000002: received 0 records
INFO:__main__:shardId-000000000000: received 0 records
INFO:__main__:shardId-000000000001: received 1 records
INFO:__main__:Window written: DOGE-USD (1 trades)
INFO:__main__:shardId-000000000003: received 0 records
INFO:__main__:shardId-000000000002: received 0 records
INFO:__main__:shardId-000000000000: received 0 records
INFO:__main__:shardId-000000000001: received 1 records
INFO:__main__:Window written: BTC-USD (145 trades)
INFO:__main__:shardId-000000000003: received 0 records
INFO:__main__:shardId-000000000002: received 0 records
INFO:__main__:shardId-000000000000: received 0 records
INFO:__main__:shardId-000000000001: received 0 records
INFO:__main__:shardId-000000000003: received 0 records
INFO:__main__:shardId-000000000002: received 0 records
INFO:__main__:shardId-000000000000: received 0 records
INFO:__main__:shardId-000000000001: received 0 records
INFO:__main__:shardId-000000000003: received 1 records
INFO:__main__:Window written: ETH-USD (15 trades)
INFO:__main__:shardId-000000000002: received 0 records
INFO:__main__:shardId-000000000000: received 0 records
INFO:__main__:shardId-000000000001: received 0 records
INFO:__main__:shardId-000000000003: received 0 records
INFO:__main__:shardId-000000000002: received 0 records
INFO:__main__:shardId-000000000000: received 0 records
INFO:__main__:shardId-000000000001: received 1 records
INFO:__main__:shardId-000000000003: received 0 records
INFO:__main__:shardId-000000000002: received 0 records
INFO:__main__:shardId-000000000000: received 0 records
INFO:__main__:shardId-000000000001: received 1 records
INFO:__main__:shardId-000000000003: received 0 records
INFO:__main__:shardId-000000000002: received 0 records
INFO:__main__:shardId-000000000000: received 0 records
INFO:__main__:shardId-000000000001: received 0 records
INFO:__main__:shardId-000000000003: received 0 records
INFO:__main__:shardId-000000000002: received 0 records
INFO:__main__:shardId-000000000000: received 0 records
INFO:__main__:shardId-000000000001: received 0 records
INFO:__main__:shardId-000000000003: received 1 records
INFO:__main__:Window written: SOL-USD (4 trades)
INFO:__main__:shardId-000000000002: received 0 records
INFO:__main__:shardId-000000000000: received 0 records
INFO:__main__:shardId-000000000001: received 1 records
INFO:__main__:shardId-000000000003: received 0 records
INFO:__main__:shardId-000000000002: received 0 records
INFO:__main__:shardId-000000000000: received 0 records
INFO:__main__:shardId-000000000001: received 0 records
INFO:__main__:shardId-000000000003: received 0 records
INFO:__main__:shardId-000000000002: received 0 records
INFO:__main__:shardId-000000000000: received 0 records
INFO:__main__:shardId-000000000001: received 0 records
INFO:__main__:shardId-000000000003: received 0 records
INFO:__main__:shardId-000000000002: received 0 records
INFO:__main__:shardId-000000000000: received 0 records
INFO:__main__:shardId-000000000001: received 1 records
INFO:__main__:Window written: BTC-USD (149 trades)
INFO:__main__:shardId-000000000003: received 0 records
INFO:__main__:shardId-000000000002: received 0 records
INFO:__main__:shardId-000000000000: received 0 records
INFO:__main__:shardId-000000000001: received 1 records
INFO:__main__:shardId-000000000003: received 0 records
INFO:__main__:shardId-000000000002: received 0 records
INFO:__main__:shardId-000000000000: received 0 records
INFO:__main__:shardId-000000000001: received 0 records
INFO:__main__:shardId-000000000003: received 0 records
INFO:__main__:shardId-000000000002: received 0 records
INFO:__main__:shardId-000000000000: received 0 records
INFO:__main__:shardId-000000000001: received 0 records
INFO:__main__:shardId-000000000003: received 1 records
INFO:__main__:Window written: ETH-USD (16 trades)
INFO:__main__:shardId-000000000002: received 0 records
INFO:__main__:shardId-000000000000: received 0 records
INFO:__main__:shardId-000000000001: received 0 records
INFO:__main__:shardId-000000000003: received 0 records
INFO:__main__:shardId-000000000002: received 0 records
INFO:__main__:shardId-000000000000: received 0 records
INFO:__main__:shardId-000000000001: received 1 records
INFO:__main__:shardId-000000000003: received 0 records
INFO:__main__:shardId-000000000002: received 0 records
INFO:__main__:shardId-000000000000: received 0 records
INFO:__main__:shardId-000000000001: received 1 records
INFO:__main__:shardId-000000000003: received 0 records
INFO:__main__:shardId-000000000002: received 0 records
INFO:__main__:shardId-000000000000: received 0 records
INFO:__main__:shardId-000000000001: received 1 records
INFO:__main__:shardId-000000000003: received 0 records
INFO:__main__:shardId-000000000002: received 0 records
INFO:__main__:shardId-000000000000: received 0 records
INFO:__main__:shardId-000000000001: received 1 records
INFO:__main__:shardId-000000000003: received 0 records
INFO:__main__:Window written: BTC-USD (154 trades)
INFO:__main__:shardId-000000000002: received 0 records
INFO:__main__:shardId-000000000000: received 0 records
INFO:__main__:shardId-000000000003: received 0 records
INFO:__main__:shardId-000000000001: received 0 records
INFO:__main__:shardId-000000000002: received 0 records
INFO:__main__:shardId-000000000000: received 0 records
INFO:__main__:shardId-000000000003: received 0 records
INFO:__main__:shardId-000000000001: received 1 records
INFO:__main__:shardId-000000000002: received 0 records
INFO:__main__:shardId-000000000000: received 0 records
INFO:__main__:shardId-000000000003: received 0 records
INFO:__main__:shardId-000000000001: received 0 records
INFO:__main__:shardId-000000000002: received 0 records
INFO:__main__:shardId-000000000000: received 0 records
INFO:__main__:shardId-000000000003: received 0 records
INFO:__main__:shardId-000000000001: received 0 records
INFO:__main__:shardId-000000000002: received 0 records
INFO:__main__:shardId-000000000000: received 0 records
INFO:__main__:shardId-000000000003: received 0 records
INFO:__main__:shardId-000000000001: received 1 records
INFO:__main__:shardId-000000000002: received 0 records
INFO:__main__:shardId-000000000000: received 0 records
INFO:__main__:shardId-000000000003: received 0 records
INFO:__main__:shardId-000000000002: received 0 records
INFO:__main__:shardId-000000000001: received 0 records
INFO:__main__:shardId-000000000000: received 0 records
INFO:__main__:shardId-000000000003: received 0 records
INFO:__main__:shardId-000000000002: received 0 records
INFO:__main__:shardId-000000000001: received 1 records
INFO:__main__:shardId-000000000000: received 0 records
INFO:__main__:shardId-000000000003: received 0 records
INFO:__main__:shardId-000000000002: received 0 records
INFO:__main__:shardId-000000000001: received 0 records
INFO:__main__:shardId-000000000000: received 0 records
INFO:__main__:shardId-000000000003: received 0 records
INFO:__main__:shardId-000000000002: received 0 records
INFO:__main__:shardId-000000000001: received 0 records
INFO:__main__:shardId-000000000000: received 0 records
INFO:__main__:shardId-000000000003: received 0 records
INFO:__main__:shardId-000000000002: received 0 records
INFO:__main__:shardId-000000000001: received 0 records
INFO:__main__:shardId-000000000000: received 0 records
INFO:__main__:shardId-000000000003: received 0 records
INFO:__main__:shardId-000000000002: received 0 records
INFO:__main__:shardId-000000000001: received 1 records
INFO:__main__:shardId-000000000000: received 0 records
INFO:__main__:Window written: BTC-USD (158 trades)
INFO:__main__:shardId-000000000003: received 0 records
INFO:__main__:shardId-000000000002: received 0 records
INFO:__main__:shardId-000000000000: received 0 records
INFO:__main__:shardId-000000000001: received 0 records
INFO:__main__:shardId-000000000003: received 0 records
INFO:__main__:shardId-000000000002: received 0 records
INFO:__main__:shardId-000000000000: received 0 records
INFO:__main__:shardId-000000000001: received 1 records
INFO:__main__:shardId-000000000003: received 0 records
INFO:__main__:shardId-000000000002: received 0 records
INFO:__main__:shardId-000000000000: received 0 records
INFO:__main__:shardId-000000000001: received 1 records
INFO:__main__:shardId-000000000003: received 0 records
INFO:__main__:shardId-000000000002: received 0 records
INFO:__main__:shardId-000000000000: received 0 records
INFO:__main__:shardId-000000000001: received 0 records
INFO:__main__:shardId-000000000003: received 0 records
INFO:__main__:shardId-000000000002: received 0 records
INFO:__main__:shardId-000000000000: received 0 records
INFO:__main__:shardId-000000000001: received 0 records
INFO:__main__:shardId-000000000003: received 0 records
INFO:__main__:shardId-000000000002: received 0 records
INFO:__main__:shardId-000000000000: received 0 records
INFO:__main__:shardId-000000000001: received 1 records
INFO:__main__:shardId-000000000003: received 0 records
INFO:__main__:shardId-000000000002: received 0 records
INFO:__main__:shardId-000000000000: received 0 records
INFO:__main__:shardId-000000000001: received 0 records
INFO:__main__:shardId-000000000003: received 0 records
INFO:__main__:shardId-000000000002: received 0 records
INFO:__main__:shardId-000000000000: received 0 records
INFO:__main__:shardId-000000000001: received 0 records
INFO:__main__:shardId-000000000003: received 1 records
INFO:__main__:Window written: SOL-USD (5 trades)
INFO:__main__:shardId-000000000002: received 0 records
INFO:__main__:shardId-000000000000: received 0 records
INFO:__main__:shardId-000000000001: received 0 records
INFO:__main__:shardId-000000000003: received 0 records
INFO:__main__:shardId-000000000002: received 0 records
INFO:__main__:shardId-000000000000: received 0 records
INFO:__main__:shardId-000000000001: received 0 records
INFO:__main__:shardId-000000000003: received 0 records
INFO:__main__:shardId-000000000002: received 0 records
INFO:__main__:shardId-000000000000: received 0 records
INFO:__main__:shardId-000000000001: received 1 records
INFO:__main__:Window written: BTC-USD (162 trades)
INFO:__main__:shardId-000000000003: received 0 records
INFO:__main__:shardId-000000000002: received 0 records
INFO:__main__:shardId-000000000000: received 0 records
INFO:__main__:shardId-000000000001: received 0 records
INFO:__main__:shardId-000000000003: received 0 records
INFO:__main__:shardId-000000000002: received 0 records
INFO:__main__:shardId-000000000000: received 0 records
INFO:__main__:shardId-000000000001: received 0 records
INFO:__main__:shardId-000000000003: received 1 records
INFO:__main__:shardId-000000000002: received 0 records
INFO:__main__:shardId-000000000000: received 0 records
INFO:__main__:shardId-000000000001: received 0 records
INFO:__main__:shardId-000000000003: received 0 records
INFO:__main__:shardId-000000000002: received 0 records
INFO:__main__:shardId-000000000000: received 0 records
INFO:__main__:shardId-000000000001: received 0 records
INFO:__main__:shardId-000000000003: received 1 records
INFO:__main__:Window written: ETH-USD (17 trades)
INFO:__main__:shardId-000000000002: received 0 records
INFO:__main__:shardId-000000000000: received 0 records
INFO:__main__:shardId-000000000001: received 0 records
INFO:__main__:shardId-000000000003: received 0 records
INFO:__main__:shardId-000000000002: received 0 records
INFO:__main__:shardId-000000000000: received 0 records
INFO:__main__:shardId-000000000001: received 1 records
INFO:__main__:shardId-000000000003: received 0 records
INFO:__main__:shardId-000000000002: received 0 records
INFO:__main__:shardId-000000000000: received 0 records
INFO:__main__:shardId-000000000001: received 0 records
INFO:__main__:shardId-000000000003: received 0 records
INFO:__main__:shardId-000000000002: received 0 records
INFO:__main__:shardId-000000000000: received 0 records
INFO:__main__:shardId-000000000001: received 0 records
INFO:__main__:shardId-000000000003: received 1 records
INFO:__main__:Window written: ETH-USD (18 trades)
INFO:__main__:shardId-000000000002: received 0 records
INFO:__main__:shardId-000000000000: received 0 records
INFO:__main__:shardId-000000000001: received 0 records
INFO:__main__:shardId-000000000003: received 0 records
INFO:__main__:shardId-000000000002: received 0 records
INFO:__main__:shardId-000000000000: received 0 records
INFO:__main__:shardId-000000000001: received 0 records
INFO:__main__:shardId-000000000003: received 0 records
INFO:__main__:shardId-000000000002: received 0 records
INFO:__main__:shardId-000000000000: received 0 records
INFO:__main__:shardId-000000000001: received 1 records
INFO:__main__:Window written: BTC-USD (164 trades)
INFO:__main__:shardId-000000000003: received 0 records
INFO:__main__:shardId-000000000002: received 0 records
INFO:__main__:shardId-000000000000: received 0 records
INFO:__main__:shardId-000000000001: received 0 records
INFO:__main__:shardId-000000000003: received 0 records
INFO:__main__:shardId-000000000002: received 0 records
INFO:__main__:shardId-000000000000: received 0 records
INFO:__main__:shardId-000000000001: received 1 records
INFO:__main__:shardId-000000000003: received 0 records
INFO:__main__:shardId-000000000002: received 0 records
INFO:__main__:shardId-000000000000: received 0 records
INFO:__main__:shardId-000000000001: received 1 records
INFO:__main__:shardId-000000000003: received 0 records
INFO:__main__:shardId-000000000002: received 0 records
INFO:__main__:shardId-000000000000: received 0 records
INFO:__main__:shardId-000000000001: received 0 records
INFO:__main__:shardId-000000000003: received 0 records
INFO:__main__:shardId-000000000002: received 0 records
INFO:__main__:shardId-000000000000: received 0 records
INFO:__main__:shardId-000000000001: received 1 records
INFO:__main__:shardId-000000000003: received 0 records
INFO:__main__:shardId-000000000002: received 0 records
INFO:__main__:shardId-000000000000: received 0 records
INFO:__main__:shardId-000000000001: received 0 records
INFO:__main__:shardId-000000000003: received 0 records
INFO:__main__:shardId-000000000002: received 0 records
INFO:__main__:shardId-000000000000: received 0 records
INFO:__main__:shardId-000000000001: received 1 records
INFO:__main__:Window written: BTC-USD (168 trades)
INFO:__main__:shardId-000000000003: received 0 records
INFO:__main__:shardId-000000000002: received 0 records
INFO:__main__:shardId-000000000000: received 0 records
INFO:__main__:shardId-000000000001: received 0 records
INFO:__main__:shardId-000000000003: received 0 records
INFO:__main__:shardId-000000000002: received 0 records
INFO:__main__:shardId-000000000000: received 0 records
INFO:__main__:shardId-000000000001: received 1 records
INFO:__main__:shardId-000000000003: received 0 records
INFO:__main__:shardId-000000000002: received 0 records
INFO:__main__:shardId-000000000000: received 0 records
INFO:__main__:shardId-000000000001: received 1 records
INFO:__main__:shardId-000000000003: received 0 records
INFO:__main__:shardId-000000000002: received 0 records
INFO:__main__:shardId-000000000000: received 0 records
INFO:__main__:shardId-000000000001: received 0 records
INFO:__main__:shardId-000000000003: received 1 records
INFO:__main__:Window written: SOL-USD (7 trades)
INFO:__main__:shardId-000000000002: received 0 records
INFO:__main__:shardId-000000000000: received 0 records
INFO:__main__:shardId-000000000001: received 0 records
INFO:__main__:shardId-000000000003: received 1 records
INFO:__main__:shardId-000000000002: received 0 records
INFO:__main__:shardId-000000000000: received 0 records
INFO:__main__:Window written: ETH-USD (19 trades)
INFO:__main__:shardId-000000000001: received 0 records
INFO:__main__:shardId-000000000002: received 0 records
INFO:__main__:shardId-000000000000: received 0 records
INFO:__main__:shardId-000000000003: received 0 records
INFO:__main__:shardId-000000000001: received 0 records
INFO:__main__:shardId-000000000002: received 0 records
INFO:__main__:shardId-000000000000: received 0 records
INFO:__main__:shardId-000000000003: received 0 records
INFO:__main__:shardId-000000000001: received 0 records
INFO:__main__:shardId-000000000002: received 0 records
INFO:__main__:shardId-000000000000: received 0 records
INFO:__main__:shardId-000000000003: received 1 records
INFO:__main__:Window written: ETH-USD (20 trades)
INFO:__main__:shardId-000000000001: received 0 records
INFO:__main__:shardId-000000000002: received 0 records
INFO:__main__:shardId-000000000000: received 0 records
INFO:__main__:shardId-000000000003: received 0 records
INFO:__main__:shardId-000000000001: received 0 records
INFO:__main__:shardId-000000000002: received 0 records
INFO:__main__:shardId-000000000000: received 0 records
INFO:__main__:shardId-000000000003: received 1 records
INFO:__main__:Window written: SOL-USD (8 trades)
INFO:__main__:shardId-000000000001: received 0 records
INFO:__main__:shardId-000000000002: received 0 records
INFO:__main__:shardId-000000000000: received 0 records
INFO:__main__:shardId-000000000003: received 0 records
INFO:__main__:shardId-000000000001: received 0 records
INFO:__main__:shardId-000000000002: received 0 records
INFO:__main__:shardId-000000000000: received 0 records
INFO:__main__:shardId-000000000003: received 1 records
INFO:__main__:shardId-000000000001: received 0 records
INFO:__main__:shardId-000000000002: received 0 records
INFO:__main__:shardId-000000000000: received 0 records
INFO:__main__:shardId-000000000003: received 0 records
INFO:__main__:shardId-000000000001: received 1 records
INFO:__main__:Window written: BTC-USD (171 trades)
INFO:__main__:shardId-000000000002: received 0 records
INFO:__main__:shardId-000000000000: received 0 records
INFO:__main__:shardId-000000000003: received 1 records
INFO:__main__:shardId-000000000001: received 0 records
INFO:__main__:shardId-000000000002: received 0 records
INFO:__main__:shardId-000000000000: received 0 records
INFO:__main__:shardId-000000000003: received 1 records
INFO:__main__:shardId-000000000001: received 0 records
INFO:__main__:shardId-000000000002: received 0 records
INFO:__main__:shardId-000000000000: received 0 records
INFO:__main__:shardId-000000000003: received 0 records
INFO:__main__:shardId-000000000001: received 0 records
INFO:__main__:shardId-000000000002: received 0 records
INFO:__main__:shardId-000000000000: received 0 records
INFO:__main__:shardId-000000000003: received 1 records
INFO:__main__:Window written: ETH-USD (23 trades)
INFO:__main__:shardId-000000000001: received 0 records
INFO:__main__:shardId-000000000002: received 0 records
INFO:__main__:shardId-000000000000: received 0 records
INFO:__main__:shardId-000000000003: received 0 records
INFO:__main__:shardId-000000000001: received 0 records
INFO:__main__:shardId-000000000002: received 0 records
INFO:__main__:shardId-000000000000: received 0 records
INFO:__main__:shardId-000000000003: received 0 records
INFO:__main__:shardId-000000000001: received 0 records
INFO:__main__:shardId-000000000002: received 0 records
INFO:__main__:shardId-000000000000: received 0 records
INFO:__main__:shardId-000000000003: received 1 records
INFO:__main__:shardId-000000000001: received 0 records
INFO:__main__:shardId-000000000002: received 0 records
INFO:__main__:shardId-000000000000: received 0 records
INFO:__main__:shardId-000000000003: received 0 records
INFO:__main__:shardId-000000000001: received 1 records
INFO:__main__:Window written: BTC-USD (172 trades)
INFO:__main__:shardId-000000000002: received 0 records
INFO:__main__:shardId-000000000000: received 0 records
INFO:__main__:shardId-000000000003: received 0 records
INFO:__main__:shardId-000000000001: received 1 records
INFO:__main__:shardId-000000000002: received 0 records
INFO:__main__:shardId-000000000000: received 0 records
INFO:__main__:shardId-000000000003: received 0 records
INFO:__main__:shardId-000000000001: received 0 records
INFO:__main__:shardId-000000000002: received 0 records
INFO:__main__:shardId-000000000000: received 0 records
INFO:__main__:shardId-000000000003: received 0 records
INFO:__main__:shardId-000000000001: received 1 records
INFO:__main__:shardId-000000000002: received 0 records
INFO:__main__:shardId-000000000000: received 0 records
INFO:__main__:shardId-000000000003: received 1 records
INFO:__main__:shardId-000000000001: received 0 records
INFO:__main__:shardId-000000000002: received 0 records
INFO:__main__:shardId-000000000000: received 0 records
INFO:__main__:shardId-000000000003: received 0 records
INFO:__main__:shardId-000000000001: received 1 records
INFO:__main__:shardId-000000000002: received 0 records
INFO:__main__:shardId-000000000000: received 0 records
INFO:__main__:shardId-000000000003: received 1 records
INFO:__main__:Window written: ETH-USD (26 trades)
INFO:__main__:shardId-000000000001: received 0 records
INFO:__main__:shardId-000000000002: received 0 records
INFO:__main__:shardId-000000000000: received 0 records
INFO:__main__:shardId-000000000003: received 0 records
INFO:__main__:shardId-000000000001: received 0 records
INFO:__main__:shardId-000000000002: received 0 records
INFO:__main__:shardId-000000000000: received 0 records
INFO:__main__:shardId-000000000003: received 0 records
INFO:__main__:shardId-000000000001: received 1 records
INFO:__main__:Window written: BTC-USD (176 trades)
INFO:__main__:shardId-000000000002: received 0 records
INFO:__main__:shardId-000000000000: received 0 records
INFO:__main__:shardId-000000000003: received 0 records
INFO:__main__:shardId-000000000001: received 1 records
INFO:__main__:shardId-000000000002: received 0 records
INFO:__main__:shardId-000000000000: received 0 records
INFO:__main__:shardId-000000000003: received 0 records
INFO:__main__:shardId-000000000001: received 0 records
INFO:__main__:shardId-000000000002: received 0 records
INFO:__main__:shardId-000000000000: received 0 records
INFO:__main__:shardId-000000000003: received 1 records
INFO:__main__:Window written: SOL-USD (10 trades)
INFO:__main__:shardId-000000000001: received 0 records
INFO:__main__:shardId-000000000002: received 0 records
INFO:__main__:shardId-000000000000: received 0 records
INFO:__main__:shardId-000000000003: received 0 records
INFO:__main__:shardId-000000000001: received 1 records
INFO:__main__:shardId-000000000002: received 0 records
INFO:__main__:shardId-000000000000: received 0 records
INFO:__main__:shardId-000000000003: received 0 records
INFO:__main__:shardId-000000000001: received 0 records
INFO:__main__:shardId-000000000000: received 0 records
INFO:__main__:shardId-000000000002: received 0 records
INFO:__main__:shardId-000000000003: received 0 records
INFO:__main__:shardId-000000000001: received 0 records
INFO:__main__:shardId-000000000000: received 0 records
INFO:__main__:shardId-000000000002: received 0 records
INFO:__main__:shardId-000000000003: received 0 records
INFO:__main__:shardId-000000000001: received 1 records
INFO:__main__:Window written: BTC-USD (179 trades)
INFO:__main__:shardId-000000000000: received 0 records
INFO:__main__:shardId-000000000002: received 0 records
INFO:__main__:shardId-000000000003: received 0 records
INFO:__main__:shardId-000000000001: received 1 records
INFO:__main__:shardId-000000000000: received 0 records
INFO:__main__:shardId-000000000002: received 0 records
INFO:__main__:shardId-000000000003: received 0 records
INFO:__main__:shardId-000000000001: received 1 records
INFO:__main__:shardId-000000000000: received 0 records
INFO:__main__:shardId-000000000002: received 0 records
INFO:__main__:shardId-000000000003: received 0 records
INFO:__main__:shardId-000000000001: received 0 records
INFO:__main__:shardId-000000000000: received 0 records
INFO:__main__:shardId-000000000002: received 0 records
INFO:__main__:shardId-000000000003: received 0 records
INFO:__main__:shardId-000000000001: received 1 records
INFO:__main__:shardId-000000000000: received 0 records
INFO:__main__:shardId-000000000002: received 0 records
INFO:__main__:shardId-000000000003: received 0 records
INFO:__main__:shardId-000000000001: received 0 records
INFO:__main__:shardId-000000000000: received 0 records
INFO:__main__:shardId-000000000002: received 0 records
INFO:__main__:shardId-000000000003: received 1 records
INFO:__main__:Window written: SOL-USD (11 trades)
INFO:__main__:shardId-000000000001: received 0 records
INFO:__main__:shardId-000000000000: received 0 records
INFO:__main__:shardId-000000000002: received 0 records
INFO:__main__:shardId-000000000003: received 0 records
INFO:__main__:shardId-000000000001: received 0 records
INFO:__main__:shardId-000000000000: received 0 records
INFO:__main__:shardId-000000000002: received 0 records
INFO:__main__:shardId-000000000003: received 0 records
INFO:__main__:shardId-000000000001: received 1 records
INFO:__main__:shardId-000000000000: received 0 records
INFO:__main__:shardId-000000000002: received 0 records
INFO:__main__:shardId-000000000003: received 0 records
INFO:__main__:shardId-000000000001: received 0 records
INFO:__main__:shardId-000000000000: received 0 records
INFO:__main__:shardId-000000000002: received 0 records
INFO:__main__:shardId-000000000003: received 1 records
INFO:__main__:Window written: ETH-USD (27 trades)
INFO:__main__:shardId-000000000001: received 0 records
INFO:__main__:shardId-000000000000: received 0 records
INFO:__main__:shardId-000000000002: received 0 records
INFO:__main__:shardId-000000000003: received 1 records
INFO:__main__:shardId-000000000001: received 0 records
INFO:__main__:shardId-000000000000: received 0 records
INFO:__main__:shardId-000000000002: received 0 records
INFO:__main__:shardId-000000000003: received 0 records
INFO:__main__:shardId-000000000001: received 1 records
INFO:__main__:Window written: BTC-USD (184 trades)
INFO:__main__:shardId-000000000000: received 0 records
INFO:__main__:shardId-000000000002: received 0 records
INFO:__main__:shardId-000000000003: received 0 records
INFO:__main__:shardId-000000000001: received 1 records
INFO:__main__:shardId-000000000000: received 0 records
INFO:__main__:shardId-000000000002: received 0 records
INFO:__main__:shardId-000000000003: received 0 records
INFO:__main__:shardId-000000000001: received 1 records
INFO:__main__:shardId-000000000000: received 0 records
INFO:__main__:shardId-000000000002: received 0 records
INFO:__main__:shardId-000000000003: received 0 records
INFO:__main__:shardId-000000000000: received 0 records
INFO:__main__:shardId-000000000002: received 0 records
INFO:__main__:shardId-000000000001: received 1 records
INFO:__main__:shardId-000000000003: received 0 records
INFO:__main__:shardId-000000000000: received 0 records
INFO:__main__:shardId-000000000002: received 0 records
INFO:__main__:shardId-000000000001: received 1 records
INFO:__main__:shardId-000000000003: received 0 records
INFO:__main__:shardId-000000000000: received 0 records
INFO:__main__:shardId-000000000002: received 0 records
INFO:__main__:shardId-000000000001: received 0 records
INFO:__main__:shardId-000000000003: received 1 records
INFO:__main__:Window written: SOL-USD (12 trades)
INFO:__main__:shardId-000000000000: received 0 records
INFO:__main__:shardId-000000000002: received 0 records
INFO:__main__:shardId-000000000001: received 0 records
INFO:__main__:shardId-000000000003: received 1 records
INFO:__main__:shardId-000000000000: received 0 records
INFO:__main__:shardId-000000000002: received 0 records
INFO:__main__:shardId-000000000001: received 0 records
INFO:__main__:shardId-000000000003: received 1 records
INFO:__main__:Window written: ETH-USD (30 trades)
INFO:__main__:shardId-000000000000: received 0 records
INFO:__main__:shardId-000000000002: received 0 records
INFO:__main__:shardId-000000000001: received 0 records
INFO:__main__:shardId-000000000003: received 0 records
INFO:__main__:shardId-000000000000: received 0 records
INFO:__main__:shardId-000000000002: received 0 records
INFO:__main__:shardId-000000000001: received 1 records
INFO:__main__:Window written: BTC-USD (189 trades)
INFO:__main__:shardId-000000000003: received 0 records
INFO:__main__:shardId-000000000000: received 0 records
INFO:__main__:shardId-000000000002: received 0 records
INFO:__main__:shardId-000000000001: received 1 records
INFO:__main__:shardId-000000000003: received 0 records
INFO:__main__:shardId-000000000000: received 0 records
INFO:__main__:shardId-000000000002: received 0 records
INFO:__main__:shardId-000000000001: received 0 records
INFO:__main__:shardId-000000000003: received 0 records
INFO:__main__:shardId-000000000000: received 0 records
INFO:__main__:shardId-000000000002: received 0 records
INFO:__main__:shardId-000000000001: received 1 records
INFO:__main__:shardId-000000000003: received 0 records
INFO:__main__:shardId-000000000002: received 0 records
INFO:__main__:shardId-000000000000: received 0 records
INFO:__main__:shardId-000000000001: received 1 records
INFO:__main__:shardId-000000000003: received 0 records
INFO:__main__:shardId-000000000000: received 0 records
INFO:__main__:shardId-000000000002: received 0 records
INFO:__main__:shardId-000000000001: received 1 records
INFO:__main__:shardId-000000000003: received 0 records
INFO:__main__:shardId-000000000002: received 0 records
INFO:__main__:shardId-000000000000: received 0 records
INFO:__main__:shardId-000000000001: received 1 records
INFO:__main__:shardId-000000000003: received 0 records
INFO:__main__:shardId-000000000002: received 0 records
INFO:__main__:shardId-000000000000: received 0 records
INFO:__main__:shardId-000000000001: received 1 records
INFO:__main__:shardId-000000000003: received 0 records
INFO:__main__:shardId-000000000002: received 0 records
INFO:__main__:shardId-000000000000: received 0 records
INFO:__main__:shardId-000000000001: received 1 records
INFO:__main__:Window written: BTC-USD (196 trades)
INFO:__main__:shardId-000000000003: received 0 records
INFO:__main__:shardId-000000000002: received 0 records
INFO:__main__:shardId-000000000000: received 0 records
INFO:__main__:shardId-000000000001: received 1 records
INFO:__main__:shardId-000000000003: received 0 records
INFO:__main__:shardId-000000000002: received 0 records
INFO:__main__:shardId-000000000000: received 0 records
INFO:__main__:shardId-000000000001: received 1 records
INFO:__main__:shardId-000000000003: received 0 records
INFO:__main__:shardId-000000000002: received 0 records
INFO:__main__:shardId-000000000000: received 0 records
INFO:__main__:shardId-000000000001: received 0 records
INFO:__main__:shardId-000000000003: received 0 records
INFO:__main__:shardId-000000000002: received 0 records
INFO:__main__:shardId-000000000000: received 0 records
INFO:__main__:shardId-000000000001: received 1 records
INFO:__main__:shardId-000000000003: received 0 records
INFO:__main__:shardId-000000000002: received 0 records
INFO:__main__:shardId-000000000000: received 0 records
INFO:__main__:shardId-000000000001: received 1 records
INFO:__main__:shardId-000000000003: received 0 records
INFO:__main__:shardId-000000000002: received 0 records
INFO:__main__:shardId-000000000000: received 0 records
INFO:__main__:shardId-000000000001: received 1 records
INFO:__main__:shardId-000000000003: received 0 records
INFO:__main__:shardId-000000000002: received 0 records
INFO:__main__:shardId-000000000000: received 0 records
INFO:__main__:shardId-000000000001: received 0 records
INFO:__main__:shardId-000000000003: received 1 records
INFO:__main__:Window written: ETH-USD (31 trades)
INFO:__main__:shardId-000000000002: received 0 records
INFO:__main__:shardId-000000000000: received 0 records
INFO:__main__:shardId-000000000001: received 1 records
INFO:__main__:shardId-000000000003: received 0 records
INFO:__main__:shardId-000000000002: received 0 records
INFO:__main__:shardId-000000000000: received 0 records
INFO:__main__:shardId-000000000001: received 0 records
INFO:__main__:shardId-000000000003: received 0 records
INFO:__main__:shardId-000000000002: received 0 records
INFO:__main__:shardId-000000000000: received 0 records
INFO:__main__:shardId-000000000001: received 1 records
INFO:__main__:Window written: BTC-USD (203 trades)
INFO:__main__:shardId-000000000003: received 0 records
INFO:__main__:shardId-000000000002: received 0 records
INFO:__main__:shardId-000000000000: received 0 records
INFO:__main__:shardId-000000000001: received 0 records
INFO:__main__:shardId-000000000003: received 1 records
INFO:__main__:Window written: ETH-USD (32 trades)
INFO:__main__:shardId-000000000002: received 0 records
INFO:__main__:shardId-000000000000: received 0 records
INFO:__main__:shardId-000000000001: received 0 records
INFO:__main__:shardId-000000000003: received 0 records
INFO:__main__:shardId-000000000002: received 0 records
INFO:__main__:shardId-000000000000: received 0 records
INFO:__main__:shardId-000000000001: received 0 records
INFO:__main__:shardId-000000000003: received 1 records
INFO:__main__:shardId-000000000002: received 0 records
INFO:__main__:shardId-000000000000: received 0 records
INFO:__main__:Window written: SOL-USD (13 trades)
INFO:__main__:shardId-000000000001: received 0 records
INFO:__main__:shardId-000000000002: received 0 records
INFO:__main__:shardId-000000000000: received 0 records
INFO:__main__:shardId-000000000003: received 0 records
INFO:__main__:shardId-000000000001: received 1 records
INFO:__main__:shardId-000000000002: received 0 records
INFO:__main__:shardId-000000000000: received 0 records
INFO:__main__:shardId-000000000003: received 0 records
INFO:__main__:shardId-000000000001: received 1 records
INFO:__main__:shardId-000000000002: received 0 records
INFO:__main__:shardId-000000000000: received 0 records
INFO:__main__:shardId-000000000003: received 0 records
INFO:__main__:shardId-000000000001: received 0 records
INFO:__main__:shardId-000000000002: received 0 records
INFO:__main__:shardId-000000000000: received 0 records
INFO:__main__:shardId-000000000003: received 0 records
INFO:__main__:shardId-000000000001: received 1 records
INFO:__main__:shardId-000000000000: received 0 records
INFO:__main__:shardId-000000000002: received 0 records
INFO:__main__:shardId-000000000003: received 0 records
INFO:__main__:shardId-000000000001: received 0 records
INFO:__main__:shardId-000000000000: received 0 records
INFO:__main__:shardId-000000000002: received 0 records
INFO:__main__:shardId-000000000003: received 0 records
INFO:__main__:shardId-000000000001: received 1 records
INFO:__main__:Window written: BTC-USD (207 trades)
INFO:__main__:shardId-000000000000: received 0 records
INFO:__main__:shardId-000000000002: received 0 records
INFO:__main__:shardId-000000000003: received 0 records
INFO:__main__:shardId-000000000001: received 1 records
INFO:__main__:shardId-000000000000: received 0 records
INFO:__main__:shardId-000000000002: received 0 records
INFO:__main__:shardId-000000000003: received 0 records
INFO:__main__:shardId-000000000001: received 0 records
INFO:__main__:shardId-000000000000: received 0 records
INFO:__main__:shardId-000000000002: received 0 records
INFO:__main__:shardId-000000000003: received 0 records
INFO:__main__:shardId-000000000001: received 1 records
INFO:__main__:shardId-000000000002: received 0 records
INFO:__main__:shardId-000000000000: received 0 records
INFO:__main__:shardId-000000000003: received 0 records
INFO:__main__:shardId-000000000001: received 1 records
INFO:__main__:shardId-000000000002: received 0 records
INFO:__main__:shardId-000000000000: received 0 records
INFO:__main__:shardId-000000000003: received 0 records
INFO:__main__:shardId-000000000001: received 0 records
INFO:__main__:shardId-000000000002: received 0 records
INFO:__main__:shardId-000000000000: received 0 records
INFO:__main__:shardId-000000000003: received 1 records
INFO:__main__:Window written: ETH-USD (33 trades)
INFO:__main__:shardId-000000000001: received 0 records
INFO:__main__:shardId-000000000002: received 0 records
INFO:__main__:shardId-000000000000: received 0 records
INFO:__main__:shardId-000000000003: received 0 records
INFO:__main__:shardId-000000000001: received 1 records
INFO:__main__:shardId-000000000002: received 0 records
INFO:__main__:shardId-000000000000: received 0 records
INFO:__main__:shardId-000000000003: received 0 records
INFO:__main__:shardId-000000000002: received 0 records
INFO:__main__:shardId-000000000001: received 1 records
INFO:__main__:shardId-000000000000: received 0 records
INFO:__main__:shardId-000000000003: received 0 records
INFO:__main__:shardId-000000000002: received 0 records
INFO:__main__:shardId-000000000000: received 0 records
INFO:__main__:shardId-000000000001: received 1 records
INFO:__main__:Window written: BTC-USD (213 trades)
INFO:__main__:shardId-000000000003: received 0 records
INFO:__main__:shardId-000000000002: received 0 records
INFO:__main__:shardId-000000000000: received 0 records
INFO:__main__:shardId-000000000001: received 1 records
INFO:__main__:shardId-000000000003: received 0 records
INFO:__main__:shardId-000000000002: received 0 records
INFO:__main__:shardId-000000000000: received 0 records
INFO:__main__:shardId-000000000003: received 0 records
INFO:__main__:shardId-000000000001: received 1 records
INFO:__main__:shardId-000000000002: received 0 records
INFO:__main__:shardId-000000000000: received 0 records
INFO:__main__:shardId-000000000003: received 0 records
INFO:__main__:shardId-000000000001: received 1 records
INFO:__main__:shardId-000000000002: received 0 records
INFO:__main__:shardId-000000000000: received 0 records
INFO:__main__:shardId-000000000003: received 0 records
INFO:__main__:shardId-000000000001: received 1 records
INFO:__main__:shardId-000000000002: received 0 records
INFO:__main__:shardId-000000000000: received 0 records
INFO:__main__:shardId-000000000003: received 0 records
INFO:__main__:shardId-000000000001: received 1 records
INFO:__main__:shardId-000000000002: received 0 records
INFO:__main__:shardId-000000000000: received 0 records
INFO:__main__:shardId-000000000003: received 0 records
INFO:__main__:shardId-000000000001: received 1 records
INFO:__main__:shardId-000000000002: received 0 records
INFO:__main__:shardId-000000000000: received 0 records
INFO:__main__:shardId-000000000003: received 0 records
INFO:__main__:shardId-000000000001: received 1 records
INFO:__main__:shardId-000000000002: received 0 records
INFO:__main__:shardId-000000000000: received 0 records
INFO:__main__:shardId-000000000003: received 0 records
INFO:__main__:shardId-000000000001: received 1 records
INFO:__main__:shardId-000000000002: received 0 records
INFO:__main__:shardId-000000000000: received 0 records
INFO:__main__:shardId-000000000003: received 0 records
INFO:__main__:shardId-000000000001: received 1 records
INFO:__main__:shardId-000000000002: received 0 records
INFO:__main__:shardId-000000000000: received 0 records
INFO:__main__:shardId-000000000003: received 0 records
INFO:__main__:shardId-000000000001: received 0 records
INFO:__main__:shardId-000000000002: received 0 records
INFO:__main__:shardId-000000000000: received 0 records
INFO:__main__:shardId-000000000003: received 0 records
INFO:__main__:shardId-000000000001: received 1 records
INFO:__main__:Window written: BTC-USD (223 trades)
INFO:__main__:shardId-000000000002: received 0 records
INFO:__main__:shardId-000000000000: received 0 records
INFO:__main__:shardId-000000000003: received 0 records
INFO:__main__:shardId-000000000001: received 1 records
INFO:__main__:shardId-000000000000: received 0 records
INFO:__main__:shardId-000000000002: received 0 records
INFO:__main__:shardId-000000000003: received 0 records
INFO:__main__:shardId-000000000001: received 1 records
INFO:__main__:shardId-000000000002: received 0 records
INFO:__main__:shardId-000000000000: received 0 records
INFO:__main__:shardId-000000000003: received 0 records
INFO:__main__:shardId-000000000001: received 1 records
INFO:__main__:shardId-000000000002: received 0 records
INFO:__main__:shardId-000000000000: received 0 records
INFO:__main__:shardId-000000000003: received 0 records
INFO:__main__:shardId-000000000001: received 1 records
INFO:__main__:shardId-000000000002: received 0 records
INFO:__main__:shardId-000000000000: received 0 records
INFO:__main__:shardId-000000000003: received 0 records
INFO:__main__:shardId-000000000001: received 1 records
INFO:__main__:shardId-000000000002: received 0 records
INFO:__main__:shardId-000000000000: received 0 records
INFO:__main__:shardId-000000000003: received 0 records
INFO:__main__:shardId-000000000001: received 1 records
INFO:__main__:shardId-000000000002: received 0 records
INFO:__main__:shardId-000000000000: received 0 records
INFO:__main__:shardId-000000000003: received 0 records
INFO:__main__:shardId-000000000001: received 0 records
INFO:__main__:shardId-000000000002: received 0 records
INFO:__main__:shardId-000000000000: received 0 records
INFO:__main__:shardId-000000000003: received 1 records
INFO:__main__:Window written: ETH-USD (34 trades)
INFO:__main__:shardId-000000000001: received 1 records
INFO:__main__:Window written: BTC-USD (230 trades)
INFO:__main__:shardId-000000000002: received 0 records
INFO:__main__:shardId-000000000000: received 0 records
INFO:__main__:shardId-000000000003: received 0 records
INFO:__main__:shardId-000000000001: received 1 records
INFO:__main__:shardId-000000000002: received 0 records
INFO:__main__:shardId-000000000000: received 0 records
INFO:__main__:shardId-000000000003: received 0 records
INFO:__main__:shardId-000000000001: received 0 records
INFO:__main__:shardId-000000000002: received 0 records
INFO:__main__:shardId-000000000000: received 0 records
INFO:__main__:shardId-000000000003: received 0 records
INFO:__main__:shardId-000000000001: received 1 records
INFO:__main__:shardId-000000000002: received 0 records
INFO:__main__:shardId-000000000000: received 0 records
INFO:__main__:shardId-000000000003: received 0 records
INFO:__main__:shardId-000000000001: received 1 records
INFO:__main__:shardId-000000000002: received 0 records
INFO:__main__:shardId-000000000000: received 0 records
INFO:__main__:shardId-000000000003: received 0 records
INFO:__main__:shardId-000000000001: received 1 records
INFO:__main__:shardId-000000000002: received 0 records
INFO:__main__:shardId-000000000000: received 0 records
INFO:__main__:shardId-000000000003: received 0 records
INFO:__main__:shardId-000000000001: received 1 records
INFO:__main__:shardId-000000000002: received 0 records
INFO:__main__:shardId-000000000000: received 0 records
INFO:__main__:shardId-000000000003: received 0 records
INFO:__main__:shardId-000000000001: received 1 records
INFO:__main__:shardId-000000000002: received 0 records
INFO:__main__:shardId-000000000000: received 0 records
INFO:__main__:shardId-000000000003: received 0 records
INFO:__main__:shardId-000000000001: received 1 records
INFO:__main__:shardId-000000000002: received 0 records
INFO:__main__:shardId-000000000000: received 0 records
INFO:__main__:shardId-000000000003: received 0 records
INFO:__main__:shardId-000000000002: received 0 records
INFO:__main__:shardId-000000000000: received 0 records
INFO:__main__:shardId-000000000001: received 0 records
INFO:__main__:shardId-000000000003: received 1 records
INFO:__main__:Window written: SOL-USD (14 trades)
INFO:__main__:shardId-000000000002: received 0 records
INFO:__main__:shardId-000000000000: received 0 records
INFO:__main__:shardId-000000000001: received 1 records
INFO:__main__:Window written: BTC-USD (238 trades)
INFO:__main__:shardId-000000000003: received 0 records
INFO:__main__:shardId-000000000002: received 0 records
INFO:__main__:shardId-000000000000: received 0 records
INFO:__main__:shardId-000000000001: received 1 records
INFO:__main__:shardId-000000000003: received 0 records
INFO:__main__:shardId-000000000002: received 0 records
INFO:__main__:shardId-000000000000: received 0 records
INFO:__main__:shardId-000000000001: received 1 records
INFO:__main__:shardId-000000000003: received 0 records
INFO:__main__:shardId-000000000002: received 0 records
INFO:__main__:shardId-000000000000: received 0 records
INFO:__main__:shardId-000000000001: received 1 records
INFO:__main__:shardId-000000000003: received 0 records
INFO:__main__:shardId-000000000002: received 0 records
INFO:__main__:shardId-000000000000: received 0 records
INFO:__main__:shardId-000000000001: received 0 records
INFO:__main__:shardId-000000000003: received 0 records
INFO:__main__:shardId-000000000002: received 0 records
INFO:__main__:shardId-000000000000: received 0 records
INFO:__main__:shardId-000000000001: received 1 records
INFO:__main__:shardId-000000000003: received 0 records
INFO:__main__:shardId-000000000002: received 0 records
INFO:__main__:shardId-000000000000: received 0 records
INFO:__main__:shardId-000000000003: received 0 records
INFO:__main__:shardId-000000000001: received 1 records
INFO:__main__:shardId-000000000002: received 0 records
INFO:__main__:shardId-000000000000: received 0 records
INFO:__main__:shardId-000000000003: received 0 records
INFO:__main__:shardId-000000000001: received 1 records
INFO:__main__:shardId-000000000002: received 0 records
INFO:__main__:shardId-000000000000: received 0 records
INFO:__main__:shardId-000000000003: received 0 records
INFO:__main__:shardId-000000000001: received 1 records
INFO:__main__:shardId-000000000002: received 0 records
INFO:__main__:shardId-000000000000: received 0 records
INFO:__main__:shardId-000000000003: received 1 records
INFO:__main__:Window written: ETH-USD (35 trades)
INFO:__main__:shardId-000000000001: received 0 records
INFO:__main__:shardId-000000000002: received 0 records
INFO:__main__:shardId-000000000000: received 0 records
INFO:__main__:shardId-000000000003: received 0 records
INFO:__main__:shardId-000000000001: received 1 records
INFO:__main__:Window written: BTC-USD (246 trades)
INFO:__main__:shardId-000000000002: received 0 records
INFO:__main__:shardId-000000000000: received 0 records
INFO:__main__:shardId-000000000003: received 0 records
INFO:__main__:shardId-000000000001: received 1 records
INFO:__main__:shardId-000000000002: received 0 records
INFO:__main__:shardId-000000000000: received 0 records
INFO:__main__:shardId-000000000003: received 0 records
INFO:__main__:shardId-000000000001: received 1 records
INFO:__main__:shardId-000000000002: received 0 records
INFO:__main__:shardId-000000000000: received 0 records
INFO:__main__:shardId-000000000003: received 0 records
INFO:__main__:shardId-000000000001: received 1 records
INFO:__main__:shardId-000000000002: received 0 records
INFO:__main__:shardId-000000000000: received 0 records
INFO:__main__:shardId-000000000003: received 0 records
INFO:__main__:shardId-000000000001: received 1 records
INFO:__main__:shardId-000000000002: received 0 records
INFO:__main__:shardId-000000000000: received 0 records
INFO:__main__:shardId-000000000003: received 0 records
INFO:__main__:shardId-000000000001: received 1 records
INFO:__main__:shardId-000000000002: received 0 records
INFO:__main__:shardId-000000000000: received 0 records
INFO:__main__:shardId-000000000003: received 0 records
INFO:__main__:shardId-000000000001: received 1 records
INFO:__main__:shardId-000000000002: received 0 records
INFO:__main__:shardId-000000000000: received 0 records
INFO:__main__:shardId-000000000003: received 0 records
INFO:__main__:shardId-000000000001: received 1 records
INFO:__main__:shardId-000000000002: received 0 records
INFO:__main__:shardId-000000000000: received 0 records
INFO:__main__:shardId-000000000003: received 0 records
INFO:__main__:shardId-000000000001: received 1 records
INFO:__main__:shardId-000000000002: received 0 records
INFO:__main__:shardId-000000000000: received 0 records
INFO:__main__:shardId-000000000003: received 0 records
INFO:__main__:shardId-000000000001: received 1 records
INFO:__main__:Window written: BTC-USD (255 trades)
INFO:__main__:shardId-000000000002: received 0 records
INFO:__main__:shardId-000000000000: received 0 records
INFO:__main__:shardId-000000000003: received 0 records
INFO:__main__:shardId-000000000001: received 0 records
INFO:__main__:shardId-000000000002: received 0 records
INFO:__main__:shardId-000000000000: received 0 records
INFO:__main__:shardId-000000000003: received 0 records
INFO:__main__:shardId-000000000001: received 1 records
INFO:__main__:shardId-000000000002: received 0 records
INFO:__main__:shardId-000000000000: received 0 records
INFO:__main__:shardId-000000000003: received 0 records
INFO:__main__:shardId-000000000001: received 1 records
INFO:__main__:Window written: DOGE-USD (2 trades)
INFO:__main__:shardId-000000000002: received 0 records
INFO:__main__:shardId-000000000000: received 0 records
INFO:__main__:shardId-000000000003: received 1 records
INFO:__main__:Window written: ETH-USD (36 trades)
INFO:__main__:shardId-000000000001: received 0 records
INFO:__main__:shardId-000000000002: received 0 records
INFO:__main__:shardId-000000000000: received 0 records
INFO:__main__:shardId-000000000003: received 0 records
INFO:__main__:shardId-000000000001: received 1 records
INFO:__main__:shardId-000000000002: received 0 records
INFO:__main__:shardId-000000000000: received 0 records
INFO:__main__:shardId-000000000003: received 0 records
INFO:__main__:shardId-000000000001: received 1 records
INFO:__main__:shardId-000000000002: received 0 records
INFO:__main__:shardId-000000000000: received 0 records
INFO:__main__:shardId-000000000003: received 0 records
INFO:__main__:shardId-000000000001: received 1 records
INFO:__main__:shardId-000000000002: received 0 records
INFO:__main__:shardId-000000000000: received 0 records
INFO:__main__:shardId-000000000003: received 0 records
INFO:__main__:shardId-000000000001: received 0 records
INFO:__main__:shardId-000000000002: received 0 records
INFO:__main__:shardId-000000000000: received 0 records
INFO:__main__:shardId-000000000003: received 0 records
INFO:__main__:shardId-000000000001: received 1 records
INFO:__main__:Window written: BTC-USD (260 trades)
INFO:__main__:shardId-000000000002: received 0 records
INFO:__main__:shardId-000000000000: received 0 records
INFO:__main__:shardId-000000000003: received 0 records
INFO:__main__:shardId-000000000001: received 1 records
INFO:__main__:shardId-000000000002: received 0 records
INFO:__main__:shardId-000000000000: received 0 records
INFO:__main__:shardId-000000000003: received 0 records
INFO:__main__:shardId-000000000002: received 0 records
INFO:__main__:shardId-000000000000: received 0 records
INFO:__main__:shardId-000000000001: received 1 records
INFO:__main__:shardId-000000000003: received 0 records
INFO:__main__:shardId-000000000002: received 0 records
INFO:__main__:shardId-000000000000: received 0 records
INFO:__main__:shardId-000000000001: received 1 records
INFO:__main__:shardId-000000000003: received 0 records
INFO:__main__:shardId-000000000002: received 0 records
INFO:__main__:shardId-000000000000: received 0 records
INFO:__main__:shardId-000000000001: received 1 records
INFO:__main__:shardId-000000000003: received 0 records
INFO:__main__:shardId-000000000002: received 0 records
INFO:__main__:shardId-000000000000: received 0 records
INFO:__main__:shardId-000000000001: received 1 records
INFO:__main__:shardId-000000000003: received 0 records
INFO:__main__:shardId-000000000002: received 0 records
INFO:__main__:shardId-000000000000: received 0 records
INFO:__main__:shardId-000000000003: received 1 records
INFO:__main__:shardId-000000000001: received 0 records
INFO:__main__:Window written: ETH-USD (37 trades)
INFO:__main__:shardId-000000000002: received 0 records
INFO:__main__:shardId-000000000000: received 0 records
INFO:__main__:shardId-000000000001: received 0 records
INFO:__main__:shardId-000000000003: received 1 records
INFO:__main__:Window written: SOL-USD (15 trades)
INFO:__main__:shardId-000000000002: received 0 records
INFO:__main__:shardId-000000000000: received 0 records
INFO:__main__:shardId-000000000001: received 1 records
INFO:__main__:shardId-000000000003: received 0 records
INFO:__main__:shardId-000000000002: received 0 records
INFO:__main__:shardId-000000000000: received 0 records
INFO:__main__:shardId-000000000001: received 1 records
INFO:__main__:shardId-000000000003: received 0 records
INFO:__main__:shardId-000000000002: received 0 records
INFO:__main__:shardId-000000000000: received 0 records
INFO:__main__:shardId-000000000001: received 1 records
INFO:__main__:Window written: BTC-USD (268 trades)
INFO:__main__:shardId-000000000003: received 0 records
INFO:__main__:shardId-000000000002: received 0 records
INFO:__main__:shardId-000000000000: received 0 records
INFO:__main__:shardId-000000000001: received 1 records
INFO:__main__:shardId-000000000003: received 0 records
INFO:__main__:shardId-000000000002: received 0 records
INFO:__main__:shardId-000000000000: received 0 records
INFO:__main__:shardId-000000000001: received 1 records
INFO:__main__:shardId-000000000003: received 0 records
INFO:__main__:shardId-000000000002: received 0 records
INFO:__main__:shardId-000000000000: received 0 records
INFO:__main__:shardId-000000000003: received 0 records
INFO:__main__:shardId-000000000001: received 1 records
INFO:__main__:shardId-000000000002: received 0 records
INFO:__main__:shardId-000000000000: received 0 records
INFO:__main__:shardId-000000000003: received 0 records
INFO:__main__:shardId-000000000001: received 1 records
INFO:__main__:shardId-000000000002: received 0 records
INFO:__main__:shardId-000000000000: received 0 records
INFO:__main__:shardId-000000000003: received 0 records
INFO:__main__:shardId-000000000001: received 1 records
INFO:__main__:shardId-000000000002: received 0 records
INFO:__main__:shardId-000000000000: received 0 records
INFO:__main__:shardId-000000000003: received 0 records
INFO:__main__:shardId-000000000001: received 1 records
INFO:__main__:shardId-000000000002: received 0 records
INFO:__main__:shardId-000000000000: received 0 records
INFO:__main__:shardId-000000000003: received 0 records
INFO:__main__:shardId-000000000001: received 1 records
INFO:__main__:shardId-000000000002: received 0 records
INFO:__main__:shardId-000000000000: received 0 records
INFO:__main__:shardId-000000000003: received 0 records
INFO:__main__:shardId-000000000001: received 1 records
INFO:__main__:shardId-000000000002: received 0 records
INFO:__main__:shardId-000000000000: received 0 records
INFO:__main__:shardId-000000000003: received 0 records
INFO:__main__:shardId-000000000001: received 1 records
INFO:__main__:Window written: BTC-USD (277 trades)
INFO:__main__:shardId-000000000002: received 0 records
INFO:__main__:shardId-000000000000: received 0 records
INFO:__main__:shardId-000000000003: received 0 records
INFO:__main__:shardId-000000000001: received 1 records
INFO:__main__:shardId-000000000002: received 0 records
INFO:__main__:shardId-000000000000: received 0 records
INFO:__main__:shardId-000000000003: received 0 records
INFO:__main__:shardId-000000000001: received 1 records
INFO:__main__:shardId-000000000002: received 0 records
INFO:__main__:shardId-000000000000: received 0 records
INFO:__main__:shardId-000000000003: received 0 records
INFO:__main__:shardId-000000000001: received 1 records
INFO:__main__:shardId-000000000002: received 0 records
INFO:__main__:shardId-000000000000: received 0 records
INFO:__main__:shardId-000000000003: received 0 records
INFO:__main__:shardId-000000000001: received 0 records
INFO:__main__:shardId-000000000002: received 0 records
INFO:__main__:shardId-000000000000: received 0 records
INFO:__main__:shardId-000000000003: received 0 records
INFO:__main__:shardId-000000000001: received 1 records
INFO:__main__:shardId-000000000002: received 0 records
INFO:__main__:shardId-000000000000: received 0 records
INFO:__main__:shardId-000000000003: received 0 records
INFO:__main__:shardId-000000000001: received 1 records
INFO:__main__:shardId-000000000002: received 0 records
INFO:__main__:shardId-000000000000: received 0 records
INFO:__main__:shardId-000000000003: received 0 records
INFO:__main__:shardId-000000000002: received 0 records
INFO:__main__:shardId-000000000001: received 1 records
INFO:__main__:shardId-000000000000: received 0 records
INFO:__main__:shardId-000000000003: received 0 records
INFO:__main__:shardId-000000000002: received 0 records
INFO:__main__:shardId-000000000000: received 0 records
INFO:__main__:shardId-000000000001: received 1 records
INFO:__main__:shardId-000000000003: received 0 records
INFO:__main__:shardId-000000000002: received 0 records
INFO:__main__:shardId-000000000000: received 0 records
INFO:__main__:shardId-000000000001: received 1 records
INFO:__main__:shardId-000000000003: received 0 records
INFO:__main__:shardId-000000000002: received 0 records
INFO:__main__:shardId-000000000000: received 0 records
INFO:__main__:shardId-000000000001: received 0 records
INFO:__main__:shardId-000000000003: received 0 records
INFO:__main__:shardId-000000000002: received 0 records
INFO:__main__:shardId-000000000000: received 0 records
INFO:__main__:shardId-000000000001: received 1 records
INFO:__main__:Window written: BTC-USD (286 trades)
INFO:__main__:shardId-000000000003: received 1 records
INFO:__main__:Window written: SOL-USD (16 trades)
INFO:__main__:shardId-000000000002: received 0 records
INFO:__main__:shardId-000000000000: received 0 records
INFO:__main__:shardId-000000000001: received 0 records
INFO:__main__:shardId-000000000003: received 1 records
INFO:__main__:Window written: ETH-USD (38 trades)
INFO:__main__:shardId-000000000002: received 0 records
INFO:__main__:shardId-000000000000: received 0 records
INFO:__main__:shardId-000000000001: received 0 records
INFO:__main__:shardId-000000000003: received 0 records
INFO:__main__:shardId-000000000002: received 0 records
INFO:__main__:shardId-000000000000: received 0 records
INFO:__main__:shardId-000000000001: received 1 records
INFO:__main__:shardId-000000000003: received 0 records
INFO:__main__:shardId-000000000002: received 0 records
INFO:__main__:shardId-000000000000: received 0 records
INFO:__main__:shardId-000000000001: received 1 records
INFO:__main__:shardId-000000000003: received 0 records
INFO:__main__:shardId-000000000002: received 0 records
INFO:__main__:shardId-000000000000: received 0 records
INFO:__main__:shardId-000000000001: received 1 records
INFO:__main__:shardId-000000000003: received 0 records
INFO:__main__:shardId-000000000002: received 0 records
INFO:__main__:shardId-000000000000: received 0 records
INFO:__main__:shardId-000000000001: received 1 records
INFO:__main__:shardId-000000000003: received 0 records
INFO:__main__:shardId-000000000002: received 0 records
INFO:__main__:shardId-000000000000: received 0 records
INFO:__main__:shardId-000000000001: received 0 records
INFO:__main__:shardId-000000000003: received 0 records
INFO:__main__:shardId-000000000002: received 0 records
INFO:__main__:shardId-000000000000: received 0 records
INFO:__main__:shardId-000000000001: received 1 records
INFO:__main__:Window written: BTC-USD (291 trades)
INFO:__main__:shardId-000000000003: received 0 records
INFO:__main__:shardId-000000000002: received 0 records
INFO:__main__:shardId-000000000000: received 0 records
INFO:__main__:shardId-000000000001: received 1 records
INFO:__main__:shardId-000000000003: received 0 records
INFO:__main__:shardId-000000000002: received 0 records
INFO:__main__:shardId-000000000000: received 0 records
INFO:__main__:shardId-000000000001: received 1 records
INFO:__main__:shardId-000000000003: received 0 records
INFO:__main__:shardId-000000000002: received 0 records
INFO:__main__:shardId-000000000000: received 0 records
INFO:__main__:shardId-000000000001: received 1 records
INFO:__main__:shardId-000000000003: received 0 records
INFO:__main__:shardId-000000000002: received 0 records
INFO:__main__:shardId-000000000000: received 0 records
INFO:__main__:shardId-000000000001: received 1 records
INFO:__main__:shardId-000000000003: received 0 records
INFO:__main__:shardId-000000000002: received 0 records
INFO:__main__:shardId-000000000000: received 0 records
INFO:__main__:shardId-000000000001: received 1 records
INFO:__main__:shardId-000000000003: received 0 records
INFO:__main__:shardId-000000000002: received 0 records
INFO:__main__:shardId-000000000000: received 0 records
INFO:__main__:shardId-000000000001: received 1 records
INFO:__main__:shardId-000000000003: received 0 records
INFO:__main__:shardId-000000000002: received 0 records
INFO:__main__:shardId-000000000000: received 0 records
INFO:__main__:shardId-000000000001: received 1 records
INFO:__main__:shardId-000000000003: received 0 records
INFO:__main__:shardId-000000000002: received 0 records
INFO:__main__:shardId-000000000000: received 0 records
INFO:__main__:shardId-000000000001: received 1 records
INFO:__main__:shardId-000000000003: received 0 records
INFO:__main__:shardId-000000000002: received 0 records
INFO:__main__:shardId-000000000000: received 0 records
INFO:__main__:shardId-000000000001: received 1 records
INFO:__main__:shardId-000000000003: received 0 records
INFO:__main__:shardId-000000000002: received 0 records
INFO:__main__:shardId-000000000000: received 0 records
INFO:__main__:shardId-000000000001: received 1 records
INFO:__main__:shardId-000000000003: received 0 records
INFO:__main__:Window written: BTC-USD (301 trades)
INFO:__main__:shardId-000000000002: received 0 records
INFO:__main__:shardId-000000000000: received 0 records
INFO:__main__:shardId-000000000003: received 1 records
INFO:__main__:shardId-000000000001: received 0 records
INFO:__main__:Window written: SOL-USD (17 trades)
INFO:__main__:shardId-000000000002: received 0 records
INFO:__main__:shardId-000000000000: received 0 records
INFO:__main__:shardId-000000000001: received 1 records
INFO:__main__:shardId-000000000003: received 0 records
INFO:__main__:shardId-000000000002: received 0 records
INFO:__main__:shardId-000000000000: received 0 records
INFO:__main__:shardId-000000000001: received 1 records
INFO:__main__:shardId-000000000003: received 0 records
INFO:__main__:shardId-000000000002: received 0 records
INFO:__main__:shardId-000000000000: received 0 records
INFO:__main__:shardId-000000000003: received 0 records
INFO:__main__:shardId-000000000001: received 0 records
INFO:__main__:shardId-000000000002: received 0 records
INFO:__main__:shardId-000000000000: received 0 records
INFO:__main__:shardId-000000000003: received 0 records
INFO:__main__:shardId-000000000001: received 1 records
INFO:__main__:shardId-000000000002: received 0 records
INFO:__main__:shardId-000000000000: received 0 records
INFO:__main__:shardId-000000000001: received 1 records
INFO:__main__:shardId-000000000003: received 0 records
INFO:__main__:shardId-000000000002: received 0 records
INFO:__main__:shardId-000000000000: received 0 records
INFO:__main__:shardId-000000000003: received 1 records
INFO:__main__:shardId-000000000001: received 0 records
INFO:__main__:Window written: ETH-USD (39 trades)
INFO:__main__:shardId-000000000002: received 0 records
INFO:__main__:shardId-000000000000: received 0 records
INFO:__main__:shardId-000000000001: received 1 records
INFO:__main__:shardId-000000000003: received 0 records
INFO:__main__:shardId-000000000002: received 0 records
INFO:__main__:shardId-000000000000: received 0 records
INFO:__main__:shardId-000000000001: received 0 records
INFO:__main__:shardId-000000000003: received 1 records
INFO:__main__:shardId-000000000002: received 0 records
INFO:__main__:Window written: SOL-USD (18 trades)
INFO:__main__:shardId-000000000000: received 0 records
INFO:__main__:shardId-000000000001: received 0 records
INFO:__main__:shardId-000000000002: received 0 records
INFO:__main__:shardId-000000000003: received 0 records
INFO:__main__:shardId-000000000000: received 0 records
INFO:__main__:shardId-000000000001: received 1 records
INFO:__main__:Window written: BTC-USD (307 trades)
INFO:__main__:shardId-000000000002: received 0 records
INFO:__main__:shardId-000000000003: received 0 records
INFO:__main__:shardId-000000000000: received 0 records
INFO:__main__:shardId-000000000001: received 1 records
INFO:__main__:shardId-000000000002: received 0 records
INFO:__main__:shardId-000000000003: received 0 records
INFO:__main__:shardId-000000000000: received 0 records
INFO:__main__:shardId-000000000001: received 1 records
INFO:__main__:shardId-000000000002: received 0 records
INFO:__main__:shardId-000000000003: received 0 records
INFO:__main__:shardId-000000000000: received 0 records
INFO:__main__:shardId-000000000002: received 0 records
INFO:__main__:shardId-000000000001: received 0 records
INFO:__main__:shardId-000000000003: received 0 records
INFO:__main__:shardId-000000000000: received 0 records
INFO:__main__:shardId-000000000002: received 0 records
INFO:__main__:shardId-000000000001: received 0 records
INFO:__main__:shardId-000000000003: received 1 records
INFO:__main__:shardId-000000000000: received 0 records
INFO:__main__:shardId-000000000002: received 0 records
INFO:__main__:shardId-000000000001: received 1 records
INFO:__main__:shardId-000000000003: received 0 records
INFO:__main__:shardId-000000000000: received 0 records
INFO:__main__:shardId-000000000002: received 0 records
INFO:__main__:shardId-000000000001: received 1 records
INFO:__main__:shardId-000000000003: received 0 records
INFO:__main__:shardId-000000000000: received 0 records
INFO:__main__:shardId-000000000002: received 0 records
INFO:__main__:shardId-000000000003: received 0 records
INFO:__main__:shardId-000000000001: received 0 records
INFO:__main__:shardId-000000000000: received 0 records
INFO:__main__:shardId-000000000002: received 0 records
INFO:__main__:shardId-000000000003: received 1 records
INFO:__main__:shardId-000000000001: received 0 records
INFO:__main__:shardId-000000000000: received 0 records
INFO:__main__:Window written: SOL-USD (20 trades)
INFO:__main__:shardId-000000000002: received 0 records
INFO:__main__:shardId-000000000001: received 0 records
INFO:__main__:shardId-000000000000: received 0 records
INFO:__main__:shardId-000000000003: received 0 records
INFO:__main__:shardId-000000000002: received 0 records
INFO:__main__:shardId-000000000001: received 1 records
INFO:__main__:shardId-000000000000: received 0 records
INFO:__main__:Window written: BTC-USD (312 trades)
INFO:__main__:shardId-000000000003: received 0 records
INFO:__main__:shardId-000000000002: received 0 records
INFO:__main__:shardId-000000000000: received 0 records
INFO:__main__:shardId-000000000001: received 0 records
INFO:__main__:shardId-000000000003: received 1 records
INFO:__main__:Window written: ETH-USD (40 trades)
INFO:__main__:shardId-000000000002: received 0 records
INFO:__main__:shardId-000000000000: received 0 records
INFO:__main__:shardId-000000000001: received 1 records
INFO:__main__:shardId-000000000003: received 0 records
INFO:__main__:shardId-000000000002: received 0 records
INFO:__main__:shardId-000000000000: received 0 records
INFO:__main__:shardId-000000000001: received 0 records
INFO:__main__:shardId-000000000003: received 0 records
INFO:__main__:shardId-000000000002: received 0 records
INFO:__main__:shardId-000000000000: received 0 records
INFO:__main__:shardId-000000000001: received 1 records
INFO:__main__:shardId-000000000003: received 0 records
INFO:__main__:shardId-000000000002: received 0 records
INFO:__main__:shardId-000000000000: received 0 records
INFO:__main__:shardId-000000000001: received 0 records
INFO:__main__:shardId-000000000003: received 0 records
INFO:__main__:shardId-000000000002: received 0 records
INFO:__main__:shardId-000000000000: received 0 records
INFO:__main__:shardId-000000000001: received 1 records
INFO:__main__:shardId-000000000003: received 0 records
INFO:__main__:shardId-000000000002: received 0 records
INFO:__main__:shardId-000000000000: received 0 records
INFO:__main__:shardId-000000000003: received 0 records
INFO:__main__:shardId-000000000001: received 1 records
INFO:__main__:shardId-000000000002: received 0 records
INFO:__main__:shardId-000000000000: received 0 records
INFO:__main__:shardId-000000000003: received 0 records
INFO:__main__:shardId-000000000001: received 1 records
INFO:__main__:Window written: BTC-USD (317 trades)
INFO:__main__:shardId-000000000002: received 0 records
INFO:__main__:shardId-000000000000: received 0 records
INFO:__main__:shardId-000000000003: received 1 records
INFO:__main__:Window written: SOL-USD (21 trades)
INFO:__main__:shardId-000000000001: received 0 records
INFO:__main__:shardId-000000000002: received 0 records
INFO:__main__:shardId-000000000000: received 0 records
INFO:__main__:shardId-000000000003: received 1 records
INFO:__main__:Window written: ETH-USD (41 trades)
INFO:__main__:shardId-000000000001: received 0 records
INFO:__main__:shardId-000000000002: received 0 records
INFO:__main__:shardId-000000000000: received 0 records
INFO:__main__:shardId-000000000003: received 0 records
INFO:__main__:shardId-000000000001: received 1 records
INFO:__main__:shardId-000000000002: received 0 records
INFO:__main__:shardId-000000000000: received 0 records
INFO:__main__:shardId-000000000003: received 0 records
INFO:__main__:shardId-000000000001: received 1 records
INFO:__main__:shardId-000000000002: received 0 records
INFO:__main__:shardId-000000000000: received 0 records
INFO:__main__:shardId-000000000003: received 0 records
INFO:__main__:shardId-000000000001: received 0 records
INFO:__main__:shardId-000000000002: received 0 records
INFO:__main__:shardId-000000000000: received 0 records
INFO:__main__:shardId-000000000003: received 1 records
INFO:__main__:shardId-000000000001: received 0 records
INFO:__main__:shardId-000000000002: received 0 records
INFO:__main__:shardId-000000000000: received 0 records
INFO:__main__:shardId-000000000003: received 0 records
INFO:__main__:shardId-000000000001: received 1 records
INFO:__main__:shardId-000000000002: received 0 records
INFO:__main__:shardId-000000000000: received 0 records
INFO:__main__:shardId-000000000003: received 0 records
INFO:__main__:shardId-000000000001: received 1 records
INFO:__main__:shardId-000000000002: received 0 records
INFO:__main__:shardId-000000000000: received 0 records
INFO:__main__:shardId-000000000003: received 0 records
INFO:__main__:shardId-000000000001: received 0 records
INFO:__main__:shardId-000000000002: received 0 records
INFO:__main__:shardId-000000000000: received 0 records
INFO:__main__:shardId-000000000003: received 0 records
INFO:__main__:shardId-000000000001: received 1 records
INFO:__main__:Window written: BTC-USD (322 trades)
INFO:__main__:shardId-000000000002: received 0 records
INFO:__main__:shardId-000000000000: received 0 records
INFO:__main__:shardId-000000000003: received 0 records
INFO:__main__:shardId-000000000001: received 1 records
INFO:__main__:shardId-000000000002: received 0 records
INFO:__main__:shardId-000000000000: received 0 records
INFO:__main__:shardId-000000000003: received 0 records
INFO:__main__:shardId-000000000001: received 0 records
INFO:__main__:shardId-000000000002: received 0 records
INFO:__main__:shardId-000000000000: received 0 records
INFO:__main__:shardId-000000000003: received 0 records
INFO:__main__:shardId-000000000001: received 1 records
INFO:__main__:shardId-000000000002: received 0 records
INFO:__main__:shardId-000000000000: received 0 records
INFO:__main__:shardId-000000000003: received 0 records
INFO:__main__:shardId-000000000001: received 1 records
INFO:__main__:shardId-000000000002: received 0 records
INFO:__main__:shardId-000000000000: received 0 records
INFO:__main__:shardId-000000000003: received 0 records
INFO:__main__:shardId-000000000001: received 1 records
INFO:__main__:shardId-000000000002: received 0 records
INFO:__main__:shardId-000000000000: received 0 records
INFO:__main__:shardId-000000000003: received 0 records
INFO:__main__:shardId-000000000001: received 1 records
INFO:__main__:shardId-000000000002: received 0 records
INFO:__main__:shardId-000000000000: received 0 records
INFO:__main__:shardId-000000000003: received 0 records
INFO:__main__:shardId-000000000001: received 1 records
INFO:__main__:shardId-000000000002: received 0 records
INFO:__main__:shardId-000000000000: received 0 records
INFO:__main__:shardId-000000000003: received 0 records
INFO:__main__:shardId-000000000001: received 1 records
INFO:__main__:shardId-000000000002: received 0 records
INFO:__main__:shardId-000000000000: received 0 records
INFO:__main__:shardId-000000000003: received 0 records
INFO:__main__:shardId-000000000001: received 1 records
INFO:__main__:Window written: BTC-USD (330 trades)
INFO:__main__:shardId-000000000002: received 0 records
INFO:__main__:shardId-000000000000: received 0 records
INFO:__main__:shardId-000000000003: received 0 records
INFO:__main__:shardId-000000000001: received 1 records
INFO:__main__:shardId-000000000002: received 0 records
INFO:__main__:shardId-000000000000: received 0 records
INFO:__main__:shardId-000000000003: received 0 records
INFO:__main__:shardId-000000000001: received 0 records
INFO:__main__:shardId-000000000002: received 0 records
INFO:__main__:shardId-000000000000: received 0 records
INFO:__main__:shardId-000000000003: received 0 records
INFO:__main__:shardId-000000000001: received 1 records
INFO:__main__:shardId-000000000002: received 0 records
INFO:__main__:shardId-000000000000: received 0 records
INFO:__main__:shardId-000000000003: received 0 records
INFO:__main__:shardId-000000000001: received 1 records
INFO:__main__:shardId-000000000002: received 0 records
INFO:__main__:shardId-000000000000: received 0 records
INFO:__main__:shardId-000000000003: received 0 records
INFO:__main__:shardId-000000000002: received 0 records
INFO:__main__:shardId-000000000001: received 1 records
INFO:__main__:shardId-000000000000: received 0 records
INFO:__main__:shardId-000000000003: received 0 records
INFO:__main__:shardId-000000000002: received 0 records
INFO:__main__:shardId-000000000001: received 1 records
INFO:__main__:shardId-000000000000: received 0 records
INFO:__main__:shardId-000000000003: received 0 records
INFO:__main__:shardId-000000000002: received 0 records
INFO:__main__:shardId-000000000001: received 1 records
INFO:__main__:shardId-000000000000: received 0 records
INFO:__main__:shardId-000000000003: received 0 records
INFO:__main__:shardId-000000000002: received 0 records
INFO:__main__:shardId-000000000000: received 0 records
INFO:__main__:shardId-000000000001: received 0 records
INFO:__main__:shardId-000000000003: received 0 records
INFO:__main__:shardId-000000000002: received 0 records
INFO:__main__:shardId-000000000000: received 0 records
INFO:__main__:shardId-000000000001: received 1 records
INFO:__main__:Window written: BTC-USD (337 trades)
INFO:__main__:shardId-000000000003: received 0 records
INFO:__main__:shardId-000000000002: received 0 records
INFO:__main__:shardId-000000000000: received 0 records
INFO:__main__:shardId-000000000001: received 1 records
INFO:__main__:shardId-000000000003: received 0 records
INFO:__main__:shardId-000000000002: received 0 records
INFO:__main__:shardId-000000000000: received 0 records
INFO:__main__:shardId-000000000001: received 1 records
INFO:__main__:shardId-000000000003: received 0 records
INFO:__main__:shardId-000000000002: received 0 records
INFO:__main__:shardId-000000000000: received 0 records
INFO:__main__:shardId-000000000001: received 1 records
INFO:__main__:shardId-000000000003: received 0 records
INFO:__main__:shardId-000000000002: received 0 records
INFO:__main__:shardId-000000000000: received 0 records
INFO:__main__:shardId-000000000001: received 1 records
INFO:__main__:shardId-000000000003: received 0 records
INFO:__main__:shardId-000000000002: received 0 records
INFO:__main__:shardId-000000000000: received 0 records
INFO:__main__:shardId-000000000001: received 1 records
INFO:__main__:shardId-000000000003: received 0 records
INFO:__main__:shardId-000000000002: received 0 records
INFO:__main__:shardId-000000000000: received 0 records
INFO:__main__:shardId-000000000001: received 1 records
INFO:__main__:shardId-000000000003: received 0 records
INFO:__main__:shardId-000000000002: received 0 records
INFO:__main__:shardId-000000000000: received 0 records
INFO:__main__:shardId-000000000003: received 0 records
INFO:__main__:shardId-000000000001: received 1 records
INFO:__main__:shardId-000000000002: received 0 records
INFO:__main__:shardId-000000000000: received 0 records
INFO:__main__:shardId-000000000003: received 1 records
INFO:__main__:shardId-000000000001: received 0 records
INFO:__main__:Window written: SOL-USD (22 trades)
INFO:__main__:shardId-000000000002: received 0 records
INFO:__main__:shardId-000000000000: received 0 records
INFO:__main__:shardId-000000000001: received 1 records
INFO:__main__:shardId-000000000003: received 0 records
INFO:__main__:shardId-000000000002: received 0 records
INFO:__main__:shardId-000000000000: received 0 records
INFO:__main__:shardId-000000000003: received 0 records
INFO:__main__:shardId-000000000001: received 0 records
INFO:__main__:shardId-000000000002: received 0 records
INFO:__main__:shardId-000000000000: received 0 records
INFO:__main__:shardId-000000000003: received 0 records
INFO:__main__:shardId-000000000001: received 1 records
INFO:__main__:Window written: BTC-USD (346 trades)
INFO:__main__:shardId-000000000002: received 0 records
INFO:__main__:shardId-000000000000: received 0 records
INFO:__main__:shardId-000000000003: received 0 records
INFO:__main__:shardId-000000000001: received 2 records
INFO:__main__:shardId-000000000002: received 0 records
INFO:__main__:shardId-000000000000: received 0 records
INFO:__main__:shardId-000000000003: received 0 records
INFO:__main__:shardId-000000000001: received 1 records
INFO:__main__:shardId-000000000002: received 0 records
INFO:__main__:shardId-000000000000: received 0 records
INFO:__main__:shardId-000000000003: received 0 records
INFO:__main__:shardId-000000000001: received 1 records
INFO:__main__:shardId-000000000002: received 0 records
INFO:__main__:shardId-000000000000: received 0 records
INFO:__main__:shardId-000000000003: received 0 records
INFO:__main__:shardId-000000000001: received 1 records
INFO:__main__:shardId-000000000002: received 0 records
INFO:__main__:shardId-000000000000: received 0 records
INFO:__main__:shardId-000000000003: received 0 records
INFO:__main__:shardId-000000000001: received 1 records
INFO:__main__:shardId-000000000002: received 0 records
INFO:__main__:shardId-000000000000: received 0 records
INFO:__main__:shardId-000000000003: received 0 records
INFO:__main__:shardId-000000000001: received 0 records
INFO:__main__:shardId-000000000002: received 0 records
INFO:__main__:shardId-000000000000: received 0 records
INFO:__main__:shardId-000000000003: received 0 records
INFO:__main__:shardId-000000000001: received 1 records
INFO:__main__:shardId-000000000002: received 0 records
INFO:__main__:shardId-000000000000: received 0 records
INFO:__main__:shardId-000000000003: received 1 records
INFO:__main__:Window written: ETH-USD (43 trades)
INFO:__main__:shardId-000000000001: received 0 records
INFO:__main__:shardId-000000000002: received 0 records
INFO:__main__:shardId-000000000000: received 0 records
INFO:__main__:shardId-000000000003: received 0 records
INFO:__main__:shardId-000000000001: received 1 records
INFO:__main__:Window written: BTC-USD (354 trades)
INFO:__main__:shardId-000000000002: received 0 records
INFO:__main__:shardId-000000000000: received 0 records
INFO:__main__:shardId-000000000003: received 0 records
INFO:__main__:shardId-000000000001: received 1 records
INFO:__main__:shardId-000000000002: received 0 records
INFO:__main__:shardId-000000000000: received 0 records
INFO:__main__:shardId-000000000003: received 0 records
INFO:__main__:shardId-000000000001: received 0 records
INFO:__main__:shardId-000000000002: received 0 records
INFO:__main__:shardId-000000000000: received 0 records
INFO:__main__:shardId-000000000003: received 1 records
INFO:__main__:Window written: ETH-USD (44 trades)
INFO:__main__:shardId-000000000001: received 0 records
INFO:__main__:shardId-000000000002: received 0 records
INFO:__main__:shardId-000000000000: received 0 records
INFO:__main__:shardId-000000000003: received 0 records
INFO:__main__:shardId-000000000001: received 1 records
INFO:__main__:shardId-000000000002: received 0 records
INFO:__main__:shardId-000000000000: received 0 records
INFO:__main__:shardId-000000000003: received 0 records
INFO:__main__:shardId-000000000001: received 1 records
INFO:__main__:shardId-000000000002: received 0 records
INFO:__main__:shardId-000000000000: received 0 records
INFO:__main__:shardId-000000000003: received 0 records
INFO:__main__:shardId-000000000001: received 1 records
INFO:__main__:shardId-000000000002: received 0 records
INFO:__main__:shardId-000000000000: received 0 records
INFO:__main__:shardId-000000000003: received 0 records
INFO:__main__:shardId-000000000001: received 1 records
INFO:__main__:shardId-000000000002: received 0 records
INFO:__main__:shardId-000000000000: received 0 records
INFO:__main__:shardId-000000000003: received 1 records
INFO:__main__:shardId-000000000001: received 0 records
INFO:__main__:shardId-000000000002: received 0 records
INFO:__main__:shardId-000000000000: received 0 records
INFO:__main__:shardId-000000000003: received 0 records
INFO:__main__:shardId-000000000001: received 1 records
INFO:__main__:shardId-000000000002: received 0 records
INFO:__main__:Window written: BTC-USD (360 trades)
INFO:__main__:shardId-000000000000: received 0 records
INFO:__main__:shardId-000000000003: received 0 records
INFO:__main__:shardId-000000000002: received 0 records
INFO:__main__:shardId-000000000001: received 1 records
INFO:__main__:shardId-000000000000: received 0 records
INFO:__main__:shardId-000000000003: received 0 records
INFO:__main__:shardId-000000000002: received 0 records
INFO:__main__:shardId-000000000001: received 1 records
INFO:__main__:shardId-000000000000: received 0 records
INFO:__main__:shardId-000000000003: received 0 records
INFO:__main__:shardId-000000000002: received 0 records
INFO:__main__:shardId-000000000001: received 1 records
INFO:__main__:shardId-000000000000: received 0 records
INFO:__main__:shardId-000000000003: received 0 records
INFO:__main__:shardId-000000000002: received 0 records
INFO:__main__:shardId-000000000001: received 0 records
INFO:__main__:shardId-000000000000: received 0 records
INFO:__main__:shardId-000000000003: received 1 records
INFO:__main__:Window written: SOL-USD (23 trades)
INFO:__main__:shardId-000000000002: received 0 records
INFO:__main__:shardId-000000000001: received 0 records
INFO:__main__:shardId-000000000000: received 0 records
INFO:__main__:shardId-000000000003: received 0 records
INFO:__main__:shardId-000000000002: received 0 records
INFO:__main__:shardId-000000000001: received 0 records
INFO:__main__:shardId-000000000000: received 0 records
INFO:__main__:shardId-000000000003: received 0 records
INFO:__main__:shardId-000000000002: received 0 records
INFO:__main__:shardId-000000000001: received 0 records
INFO:__main__:shardId-000000000000: received 0 records
INFO:__main__:shardId-000000000003: received 0 records
INFO:__main__:shardId-000000000002: received 0 records
INFO:__main__:shardId-000000000001: received 0 records
INFO:__main__:shardId-000000000000: received 0 records
INFO:__main__:shardId-000000000003: received 0 records
INFO:__main__:shardId-000000000002: received 0 records
INFO:__main__:shardId-000000000001: received 1 records
INFO:__main__:shardId-000000000000: received 0 records
INFO:__main__:shardId-000000000003: received 1 records
INFO:__main__:Window written: ETH-USD (46 trades)
INFO:__main__:shardId-000000000002: received 0 records
INFO:__main__:shardId-000000000001: received 0 records
INFO:__main__:shardId-000000000000: received 0 records
INFO:__main__:shardId-000000000003: received 0 records
INFO:__main__:shardId-000000000002: received 0 records
INFO:__main__:shardId-000000000001: received 1 records
INFO:__main__:Window written: BTC-USD (365 trades)
INFO:__main__:shardId-000000000000: received 0 records
INFO:__main__:shardId-000000000003: received 0 records
INFO:__main__:shardId-000000000002: received 0 records
INFO:__main__:shardId-000000000001: received 1 records
INFO:__main__:shardId-000000000000: received 0 records
INFO:__main__:shardId-000000000003: received 0 records
INFO:__main__:shardId-000000000002: received 0 records
INFO:__main__:shardId-000000000001: received 1 records
INFO:__main__:shardId-000000000000: received 0 records
INFO:__main__:shardId-000000000003: received 0 records
INFO:__main__:shardId-000000000002: received 0 records
INFO:__main__:shardId-000000000000: received 0 records
INFO:__main__:shardId-000000000001: received 0 records
INFO:__main__:shardId-000000000003: received 1 records
INFO:__main__:Window written: SOL-USD (24 trades)
INFO:__main__:shardId-000000000002: received 0 records
INFO:__main__:shardId-000000000000: received 0 records
INFO:__main__:shardId-000000000001: received 0 records
INFO:__main__:shardId-000000000003: received 0 records
INFO:__main__:shardId-000000000002: received 0 records
INFO:__main__:shardId-000000000000: received 0 records
INFO:__main__:shardId-000000000001: received 1 records
INFO:__main__:shardId-000000000003: received 0 records
INFO:__main__:shardId-000000000002: received 0 records
INFO:__main__:shardId-000000000000: received 0 records
INFO:__main__:shardId-000000000001: received 1 records
INFO:__main__:shardId-000000000003: received 0 records
INFO:__main__:shardId-000000000002: received 0 records
INFO:__main__:shardId-000000000000: received 0 records
INFO:__main__:shardId-000000000001: received 1 records
INFO:__main__:shardId-000000000003: received 1 records
INFO:__main__:shardId-000000000002: received 0 records
INFO:__main__:shardId-000000000000: received 0 records
INFO:__main__:shardId-000000000001: received 0 records
INFO:__main__:shardId-000000000003: received 0 records
INFO:__main__:shardId-000000000002: received 0 records
INFO:__main__:shardId-000000000000: received 0 records
INFO:__main__:shardId-000000000001: received 1 records
INFO:__main__:Window written: BTC-USD (371 trades)
INFO:__main__:shardId-000000000003: received 0 records
INFO:__main__:shardId-000000000002: received 0 records
INFO:__main__:shardId-000000000000: received 0 records
INFO:__main__:shardId-000000000001: received 1 records
INFO:__main__:shardId-000000000003: received 0 records
INFO:__main__:shardId-000000000002: received 0 records
INFO:__main__:shardId-000000000000: received 0 records
INFO:__main__:shardId-000000000001: received 1 records
INFO:__main__:shardId-000000000003: received 0 records
INFO:__main__:shardId-000000000002: received 0 records
INFO:__main__:shardId-000000000000: received 0 records
INFO:__main__:shardId-000000000001: received 0 records
INFO:__main__:shardId-000000000003: received 0 records
INFO:__main__:shardId-000000000002: received 0 records
INFO:__main__:shardId-000000000000: received 0 records
INFO:__main__:shardId-000000000001: received 1 records
INFO:__main__:shardId-000000000003: received 0 records
INFO:__main__:shardId-000000000002: received 0 records
INFO:__main__:shardId-000000000000: received 0 records
INFO:__main__:shardId-000000000001: received 1 records
INFO:__main__:shardId-000000000003: received 0 records
INFO:__main__:shardId-000000000002: received 0 records
INFO:__main__:shardId-000000000000: received 0 records
INFO:__main__:shardId-000000000001: received 0 records
INFO:__main__:shardId-000000000003: received 1 records
INFO:__main__:shardId-000000000002: received 0 records
INFO:__main__:Window written: ETH-USD (47 trades)
INFO:__main__:shardId-000000000000: received 0 records
INFO:__main__:shardId-000000000001: received 1 records
INFO:__main__:shardId-000000000002: received 0 records
INFO:__main__:shardId-000000000003: received 0 records
INFO:__main__:shardId-000000000000: received 0 records
INFO:__main__:shardId-000000000001: received 0 records
INFO:__main__:shardId-000000000002: received 0 records
INFO:__main__:shardId-000000000003: received 0 records
INFO:__main__:shardId-000000000000: received 0 records
INFO:__main__:shardId-000000000001: received 1 records
INFO:__main__:Window written: BTC-USD (377 trades)
INFO:__main__:shardId-000000000002: received 0 records
INFO:__main__:shardId-000000000003: received 0 records
INFO:__main__:shardId-000000000000: received 0 records
INFO:__main__:shardId-000000000001: received 1 records
INFO:__main__:shardId-000000000002: received 0 records
INFO:__main__:shardId-000000000003: received 0 records
INFO:__main__:shardId-000000000000: received 0 records
INFO:__main__:shardId-000000000001: received 0 records
INFO:__main__:shardId-000000000002: received 0 records
INFO:__main__:shardId-000000000003: received 0 records
INFO:__main__:shardId-000000000000: received 0 records
